sample_id,area,circularity,texture,intensity,perimeter,label,label_binary
CON_0000,46.97371322408986,0.8340942038025312,0.7179226523903203,143.35083228499914,19.299286900102473,Aspergillus,1
CON_0001,41.893885590630525,0.9127533312376104,0.6609560419495323,103.46442851014399,21.42192531713793,Aspergillus,1
CON_0002,48.18150830480554,0.6481145940944686,0.5571556443904209,95.45403349733078,18.830320316000154,Aspergillus,1
CON_0003,55.184238851264205,0.8050375389352455,0.4723675866753312,119.89876627767143,20.76815388144384,Aspergillus,1
CON_0004,41.12677300221331,0.7079485944702537,0.6337867976336308,114.89446132425215,14.425541332184856,Aspergillus,1
CON_0005,41.126904344406555,0.7210299692988242,0.5972182462506099,106.40315852018175,22.853174829491753,Aspergillus,1
CON_0006,55.63370252405913,0.7126084860608903,0.6574231864033279,140.89162342370145,22.004821901448896,Aspergillus,1
CON_0007,49.13947783322327,0.6908807384256146,0.6262206162018363,148.6591562571153,18.731645475727237,Aspergillus,1
CON_0008,39.24420491252039,0.763881730235586,0.6759463258383202,122.65220658875543,24.63698267372962,Aspergillus,1
CON_0009,47.34048034868772,0.6935239906871169,0.4857717746127319,164.32590243165785,25.750280550506233,Aspergillus,1
CON_0010,39.2926584575003,0.7816365460623871,0.7080872878761191,85.74932657599484,15.569760542524104,Aspergillus,1
CON_0011,39.27416197143795,0.7559809512440689,0.5737119525630879,114.19021622160847,18.94910088573514,Aspergillus,1
CON_0012,44.93569817252828,0.7408841562506872,0.7990313047150318,98.49533038191585,18.923430600850807,Aspergillus,1
CON_0013,27.693758042737617,0.687394907036672,0.4672974618292519,64.0039014878082,18.240387595564542,Aspergillus,1
CON_0014,29.200657339895738,0.7138582935545332,0.7583156563798299,117.51957942471901,25.317899367726994,Aspergillus,1
CON_0015,38.50169976607222,0.8204312980660604,0.5737492940155178,116.3475747485015,21.224695444908786,Aspergillus,1
CON_0016,34.89735103732461,0.8000733750099505,0.47182983956626623,165.40349229726394,20.941940634757557,Aspergillus,1
CON_0017,45.51397866076219,0.6817955804161158,0.49193369991348146,138.92435053664332,13.984550542372986,Aspergillus,1
CON_0018,35.735807395830314,0.767946584434338,0.5115583230166816,89.27439527012385,24.541672120836907,Aspergillus,1
CON_0019,31.701570389317666,0.8201109698697431,0.6008999135682299,175.62277699002564,17.04296642058611,Aspergillus,1
CON_0020,54.72519015137243,0.6264475775102902,0.61274025856426,156.63101086576057,22.23973052106531,Aspergillus,1
CON_0021,41.19378959610771,0.8034688153903948,0.48115599952737054,137.46293110405847,23.109507751832766,Aspergillus,1
CON_0022,43.54022563750339,0.7069900992843323,0.547077448928682,113.20547703450504,27.442634383354605,Aspergillus,1
CON_0023,31.602014510292346,0.8056478934874527,0.8070724430334236,91.2168228982956,16.764718403523553,Aspergillus,1
CON_0024,38.64493820379854,0.6989392674765986,0.7573051804120853,108.83379671786841,10.0,Aspergillus,1
CON_0025,43.88738071767893,0.6156094319468384,0.6023588403608838,152.66245859112558,22.73539817901478,Aspergillus,1
CON_0026,33.79205138062158,0.6297966049693469,0.554560417380184,176.53758917803827,29.202044726043415,Aspergillus,1
CON_0027,46.00558414676537,0.7638467957329105,0.5644037592061913,166.29730584816568,26.95578541175775,Aspergillus,1
CON_0028,38.19489048064956,0.7807778001377186,0.62362215672765,105.33451734641177,22.838637661098502,Aspergillus,1
CON_0029,40.666450001653786,0.6876546699916473,0.42726489217619135,86.41147700132967,20.03345525747181,Aspergillus,1
CON_0030,38.186347102164824,0.8110873967021899,0.5191148155091986,124.22658740733613,25.22849038654924,Aspergillus,1
CON_0031,57.818225476071504,0.6270783950184831,0.3497699111346893,66.94681903311445,18.105815201182125,Aspergillus,1
CON_0032,42.89202220209653,0.7547136161082146,0.5979067747126335,129.69503142554345,23.905431077424875,Aspergillus,1
CON_0033,34.538312568352794,0.6631187040190034,0.627663512764329,115.57192241103994,24.02188063666651,Aspergillus,1
CON_0034,49.58035929682551,0.7078531113758273,0.49201762452407516,106.01890494395273,26.24083962999552,Aspergillus,1
CON_0035,33.23325080023182,0.763791893705313,0.7388784115948039,72.15890798199614,33.03864015564431,Aspergillus,1
CON_0036,44.670908760038046,0.6911669307772839,0.402908120439719,135.4080031970915,23.569663868715068,Aspergillus,1
CON_0037,27.322639008961794,0.729235556461614,0.3742750143748216,104.01897481014265,19.964145497170005,Aspergillus,1
CON_0038,32.374511608812554,0.8405034247371552,0.5769342182271967,84.90249492869137,21.89770275123202,Aspergillus,1
CON_0039,44.57488988695299,0.713848650438148,0.6756517963134585,50.0,14.923696380443527,Aspergillus,1
CON_0040,48.907732639963285,0.8268553689652114,0.7520713229749442,119.17455284848091,19.221147475643768,Aspergillus,1
CON_0041,44.37094624951976,0.6696234516273905,0.49493388845572717,173.16754790009233,20.362870247547583,Aspergillus,1
CON_0042,42.07481374089408,0.8023843342332226,0.6794417000117555,169.83777643643612,19.90364640826163,Aspergillus,1
CON_0043,40.59117043528569,0.8753254896526319,0.5453789836599151,106.28711230241184,22.60941948813489,Aspergillus,1
CON_0044,31.17182407706058,0.5622684399898168,0.5292847240071017,101.93363818914659,18.710320270471197,Aspergillus,1
CON_0045,37.24124633284233,0.6962483795623617,0.6560391924984007,134.06322768225073,26.484122669297886,Aspergillus,1
CON_0046,39.3148898323217,0.8061657701744431,0.6282787454096104,90.04843682435126,22.000828259672787,Aspergillus,1
CON_0047,51.45697780975132,0.7437563691165605,0.36083294116189013,129.05375699458398,21.962798715445544,Aspergillus,1
CON_0048,45.74894631654769,0.7896916698697047,0.7271848419671075,142.9824083515407,20.688421133948328,Aspergillus,1
CON_0049,28.89567875709813,0.7116811850627343,0.7156109624976942,156.80799671652923,22.620762735435918,Aspergillus,1
CON_0050,45.592671755158364,0.7669271829978319,0.47493247581885645,116.99537770560141,25.30039305867054,Aspergillus,1
CON_0051,39.91934175666947,0.7475458211686337,0.5974964240124891,113.88978749469103,18.5314791371564,Aspergillus,1
CON_0052,37.58462399755233,0.8534225649327845,0.6092836223539286,93.66052239730317,19.367534043698974,Aspergillus,1
CON_0053,47.89341031072694,0.780353667464097,0.5812808518988689,95.1935893788042,20.78509588489334,Aspergillus,1
CON_0054,51.24799617996761,0.7870082129660161,0.48396338153854956,113.2056332429542,16.61651630610714,Aspergillus,1
CON_0055,50.45024095292959,0.7270498427102026,0.4694051958474338,131.02096520448535,18.72296856111401,Aspergillus,1
CON_0056,36.286259814218894,0.7209915020742004,0.5469335114810265,147.4075387869975,20.095116505821363,Aspergillus,1
CON_0057,40.52630099319028,0.7253953449744304,0.6907274823111237,95.90463147958965,25.49755672285091,Aspergillus,1
CON_0058,45.650107451228514,0.7915561713902637,0.6152320185513319,164.78065706878564,23.0502453160077,Aspergillus,1
CON_0059,50.80436101697887,0.7263212415343789,0.5055262801496673,111.86629196872295,22.774359645470177,Aspergillus,1
CON_0060,39.166606097237675,0.7831819885517131,0.6426038452778013,119.35898116954692,25.403591848671887,Aspergillus,1
CON_0061,41.51472818668946,0.9260320638916351,0.20817488552439098,97.5836496255653,21.450512846402415,Aspergillus,1
CON_0062,34.149320207951774,0.8296899762745353,0.6878518840446524,50.0,23.56185939971556,Aspergillus,1
CON_0063,33.430347007354634,0.7339181174265728,0.3412343465466281,146.52136189083149,21.587112988270015,Aspergillus,1
CON_0064,49.500206579153584,0.8560971137731155,0.5065070870316242,142.105316912773,23.061449397598516,Aspergillus,1
CON_0065,53.84992022856658,0.7273539701582759,0.4156396126448627,111.56017328645359,19.66896536955367,Aspergillus,1
CON_0066,42.42391902735733,0.5969500371857717,0.39463822291349127,122.00972151674617,12.244731366894284,Aspergillus,1
CON_0067,51.02826318313619,0.6793530951266076,0.6892992144854223,135.47817653112298,21.462883351254785,Aspergillus,1
CON_0068,45.89308820038107,0.6103366463179314,0.4938758558425731,73.12362429340372,27.690992544399762,Aspergillus,1
CON_0069,37.839041963159005,0.7318789212766952,0.5915804658076859,104.12841967961116,25.704861608966368,Aspergillus,1
CON_0070,45.89116484406731,0.761473470335164,0.5443695305344979,143.8279403886548,25.861589938364684,Aspergillus,1
CON_0071,55.304292531727754,0.8941149849820225,0.6072448992667746,82.37131730492251,26.94452288722487,Aspergillus,1
CON_0072,42.713391687120385,0.7861541899011331,0.5592186269272307,128.8067379649989,22.35463036384575,Aspergillus,1
CON_0073,55.51714924651205,0.7424719576952907,0.39604093309737165,79.30254586129786,22.789262829622384,Aspergillus,1
CON_0074,22.042039167282045,0.826352446494679,0.6695520183336567,133.9928994730058,19.5293924182626,Aspergillus,1
CON_0075,49.57522003500179,0.5831091752793691,0.49074921002064253,118.9307555310755,20.735708575891802,Aspergillus,1
CON_0076,43.69637654590537,0.7788491646486853,0.36321017216082985,71.54604552283472,24.463084599084567,Aspergillus,1
CON_0077,40.60794119627306,0.8216692155109573,0.4986261806840905,154.94218063371514,26.815537748675265,Aspergillus,1
CON_0078,43.73408621228402,0.6417131003376126,0.7300911748761173,97.96225269605853,21.442214897276003,Aspergillus,1
CON_0079,27.099448683192858,0.8515003234565544,0.6520266090536191,95.69242688956857,20.199242940594353,Aspergillus,1
CON_0080,41.242624897299905,0.787079712599553,0.508161743871057,126.01707591692829,22.00211183542639,Aspergillus,1
CON_0081,45.85690057209397,0.7267769668879358,0.5080890754817886,154.45912048286147,24.40482699571646,Aspergillus,1
CON_0082,54.82315235793213,0.8106225492885026,0.5114037938539141,89.52534543064809,16.224580735465832,Aspergillus,1
CON_0083,38.85383825381082,0.9416554286243515,0.7992097580273009,121.85039549543916,12.815276187451047,Aspergillus,1
CON_0084,36.532051176854495,0.7745493004046795,0.5958322542677864,132.8644950099172,19.797852602033664,Aspergillus,1
CON_0085,38.98594365132371,0.7798576469040268,0.6016049976629283,140.79316821789433,17.117150296343365,Aspergillus,1
CON_0086,50.32321694161659,0.7232511280367804,0.673634014483821,125.29324665831675,19.967439209410756,Aspergillus,1
CON_0087,45.630008877277476,0.6920124504428167,0.5786546990831817,108.98916482750033,21.408878724730116,Aspergillus,1
CON_0088,38.76191836986369,0.8264268653235396,0.5189149425015156,95.1722933805384,20.187006363907948,Aspergillus,1
CON_0089,47.106139464906846,0.6915132939272906,0.5264380181098026,122.58431649139123,27.80987013788298,Aspergillus,1
CON_0090,43.776620394784324,0.7657252989775514,0.5414078488703123,87.8358296404318,23.30697905840928,Aspergillus,1
CON_0091,50.74915992426311,0.7217874042587906,0.545533331618819,50.0,23.201897438443314,Aspergillus,1
CON_0092,37.38357524898118,0.7983183860597114,0.6373155452364375,133.09679412473002,24.488828576173606,Aspergillus,1
CON_0093,40.37870282721786,0.7866929684229558,0.556233506296876,147.11804523258587,17.444667528876924,Aspergillus,1
CON_0094,39.863134774942736,0.8430031955406319,0.6379168092658695,50.0,26.156447149681075,Aspergillus,1
CON_0095,31.29188041494305,0.7191986880916201,0.5403140103869701,89.70807885870187,21.69694285385816,Aspergillus,1
CON_0096,45.36896221651661,0.7384100051765303,0.5594362228379309,138.57462783015592,24.68192246896485,Aspergillus,1
CON_0097,45.08844217743911,0.6816989027374154,0.3102159178561471,181.72486409135095,17.712571067839377,Aspergillus,1
CON_0098,43.04090765313969,0.7244565391939111,0.6599593209642978,120.62381123026225,15.784964935935744,Aspergillus,1
CON_0099,41.123302932998826,0.7901840394435882,0.5915786171077592,98.15991176312596,25.271558632100113,Aspergillus,1
CON_0100,31.677034063596686,0.8205590893316281,0.6697612131831583,114.5131067668548,23.505638104390066,Aspergillus,1
CON_0101,39.63483741787713,0.6862267740657899,0.2024493546167573,161.24629257444553,18.39179378256996,Aspergillus,1
CON_0102,40.25828386778584,0.8295684736084528,0.8006049645736873,100.62107462626395,18.52134767490122,Aspergillus,1
CON_0103,36.581781846227045,0.868451028704396,0.5332492446213791,96.0242398004924,26.50173913765908,Aspergillus,1
CON_0104,41.70971430667193,0.793074792257896,0.6829819380085019,105.51769433453903,17.242352428530687,Aspergillus,1
CON_0105,46.232406854516306,0.9101436650046453,0.4252112887449363,91.40014175223862,28.570691813023853,Aspergillus,1
CON_0106,58.08948720968424,0.698096864071714,0.6235328686075083,123.68010947984388,18.397517061408525,Aspergillus,1
CON_0107,44.396622502654715,0.6604276237350866,0.4235901324191613,168.7403537540868,24.553567702433533,Aspergillus,1
CON_0108,45.060403125782116,0.6177023800876575,0.47514772471650335,129.69237819348086,20.68552609700406,Aspergillus,1
CON_0109,42.40443267387066,0.8796835449191347,0.7796837624640144,112.42939493621137,24.412749724329373,Aspergillus,1
CON_0110,27.64983027760767,0.8123492525083245,0.5271181119083984,111.24566193253366,19.82354399154323,Aspergillus,1
CON_0111,42.78788899640627,0.7555532263271636,0.5760919447815668,73.10427573910029,21.348828375710823,Aspergillus,1
CON_0112,43.48184167952821,0.7823974901055857,0.6544081276826504,146.49329331441476,22.163676701582883,Aspergillus,1
CON_0113,60.0,0.6699608762161298,0.6094818265567126,117.66488408961595,17.99125017687411,Aspergillus,1
CON_0114,41.46111228175102,0.955660158369346,0.5680502686172292,114.58560259228122,24.963297381680505,Aspergillus,1
CON_0115,45.4123787386689,0.7703376945580183,0.5937953202959471,215.7932270353458,19.947145734113658,Aspergillus,1
CON_0116,42.722305842358054,0.7687515835683914,0.838409870228593,128.96258725097059,21.085600338639924,Aspergillus,1
CON_0117,33.65057569904374,0.8180613299118953,0.5430857443559698,97.44626849714447,18.022602501565952,Aspergillus,1
CON_0118,52.142582516120164,0.798480738538937,0.5741318856057961,107.2092721138337,11.750665364818758,Aspergillus,1
CON_0119,49.015464261494195,0.7779107219423305,0.6760785275209135,154.45337127590264,21.235888949599325,Aspergillus,1
CON_0120,49.328255576344375,0.6967620435643751,0.6826631119549581,123.39811231613294,31.650461686451663,Aspergillus,1
CON_0121,35.724900361642085,0.7977174685708797,0.6924436366672456,76.851660650479,25.138417151592094,Aspergillus,1
CON_0122,54.22235448748879,0.9105619597180026,0.6266476266435022,147.5768680372561,21.922958481062423,Aspergillus,1
CON_0123,31.785191497661753,0.8676336036923982,0.41283941047234196,99.95567743383018,20.94843668316693,Aspergillus,1
CON_0124,47.69485675040216,0.8874549301311516,0.7460117838761314,176.19893328652637,22.089863571248184,Aspergillus,1
CON_0125,60.0,0.719102745885505,0.41243855283775743,152.40144197143945,24.18847646070084,Aspergillus,1
CON_0126,35.075709398954494,0.6808316143793134,0.586316255828684,106.58034313023747,17.27674873876462,Aspergillus,1
CON_0127,38.46961816317783,0.7499370463920281,0.45948689799767706,158.4304908520534,26.45728677867549,Aspergillus,1
CON_0128,43.79721092070113,0.7644579929830955,0.5423033984088409,122.03566531582209,24.861525261764974,Aspergillus,1
CON_0129,38.972194767070405,0.8475353214776757,0.5894514892364177,145.58321025366658,24.87274290283174,Aspergillus,1
CON_0130,30.59469255147094,0.6246028296228143,0.5885628658540328,134.54198451883425,23.75390295523891,Aspergillus,1
CON_0131,43.548503798448216,0.882364025556849,0.6006304905082341,94.6093003502738,22.07846663077596,Aspergillus,1
CON_0132,34.50157029019116,0.7473593681136808,0.7436453522870377,100.69350503047613,24.69144494386728,Aspergillus,1
CON_0133,46.788739445081454,0.7258495144042063,0.6044241161816776,150.89882452743484,24.367256534965513,Aspergillus,1
CON_0134,35.644606126129574,0.6790316499791866,0.5207012037651222,109.95674003680378,20.583837156235905,Aspergillus,1
CON_0135,55.39947524014032,0.6276114662507384,0.6656904601946029,107.8905461027401,19.705592908412395,Aspergillus,1
CON_0136,36.7339736613101,0.825853646716953,0.6927364586709569,91.34632261951941,22.407425181047948,Aspergillus,1
CON_0137,40.4235078703546,0.7658654373750722,0.4026870621835609,132.70797196780384,28.19608060598075,Aspergillus,1
CON_0138,49.50813773895736,0.6568031280207156,0.6216880083819829,181.87574757729436,17.043571697384397,Aspergillus,1
CON_0139,33.15308546852836,0.6563936982349106,0.6341407290773078,87.9740125723718,16.12989893699024,Aspergillus,1
CON_0140,44.81967947683304,0.7331372240567897,0.514292379596801,120.72658370018274,22.65904336494607,Aspergillus,1
CON_0141,53.45714203425943,0.8935217220231513,0.7150848175973943,162.3666166624629,22.203550807424072,Aspergillus,1
CON_0142,30.14013412351018,0.7392326918909116,0.5319933295560968,117.61075826262854,22.693366657481633,Aspergillus,1
CON_0143,44.47707086825844,0.6397485637505516,0.5650691744165851,133.57115388749202,22.975812791634002,Aspergillus,1
CON_0144,45.07906235398739,0.7403405548731243,0.5292313810859357,88.1281941555936,21.10719098146078,Aspergillus,1
CON_0145,49.25458297421848,0.7381821144201863,0.5518694857097761,132.84921291622945,27.95945375440833,Aspergillus,1
CON_0146,33.104394312975344,0.5442490685646741,0.41844698957257576,114.38567204986353,15.596384086093938,Aspergillus,1
CON_0147,32.436347095325786,0.755656410678575,0.37719389408868464,149.5718998703959,18.686011900879016,Aspergillus,1
CON_0148,47.17553252493518,0.7415252375833057,0.7413406075869967,155.62158154694254,21.58698095940381,Aspergillus,1
CON_0149,45.375877385865486,0.8156965091850734,0.4483646382018007,197.68690926055842,15.427244755383331,Aspergillus,1
CON_0150,45.003942802767014,0.9079164875956276,0.43103291806524313,137.38899519640728,21.296582382271716,Aspergillus,1
CON_0151,45.77158567597581,0.8501252023638206,0.29159318636755427,129.773889497465,28.645880662912074,Aspergillus,1
CON_0152,37.559802227372074,0.7384889047556136,0.4733245902772597,125.83152904732009,22.083545953183847,Aspergillus,1
CON_0153,44.85802957728803,0.6714779273006664,0.3912292247911002,109.40501121567934,22.922803622874735,Aspergillus,1
CON_0154,45.34457978638945,0.9658687842599887,0.7470418192163643,130.15451530385073,16.95934093930968,Aspergillus,1
CON_0155,37.28518865578906,0.764737474721159,0.6711780507211161,111.13795769582913,19.53455436784209,Aspergillus,1
CON_0156,57.926196089158054,0.7611143433530356,0.4674219585786732,125.05382928808842,20.499214478704253,Aspergillus,1
CON_0157,46.7906633672943,0.7580699930311996,0.820292296641317,159.5279260682388,20.729139612975064,Aspergillus,1
CON_0158,33.46957202237881,0.7758467808614284,0.6678118584389913,89.80372304161077,27.126575180015074,Aspergillus,1
CON_0159,48.25242886907064,0.7484511670460845,0.5110202339789653,154.19635683387136,24.2307642429005,Aspergillus,1
CON_0160,35.20254663818143,0.714107039449581,0.25007131421517126,159.51345202019596,17.55416817225187,Aspergillus,1
CON_0161,49.296676829939614,0.7162512847007685,0.824913108710889,116.45794419026763,22.98601911372802,Aspergillus,1
CON_0162,52.26876463205923,0.7573797383827201,0.3832513039883685,56.344353029742166,23.992886993987142,Aspergillus,1
CON_0163,36.43454145318631,0.7165260183092987,0.35255215036517296,101.76534038716703,26.560596154085065,Aspergillus,1
CON_0164,50.70700903395458,0.7029723373858268,0.6727084518411568,158.90983639683327,28.322162746273495,Aspergillus,1
CON_0165,46.30224741549198,0.7685144182153516,0.8427702887607127,119.31395813103353,17.939623232688525,Aspergillus,1
CON_0166,49.57648127995592,0.7396018226063314,0.7161127382212622,90.02093303115268,18.756569955158646,Aspergillus,1
CON_0167,58.17434386123158,0.8803194390866151,0.6176690944062831,104.85675236315348,16.969688564341535,Aspergillus,1
CON_0168,41.036895071977035,0.5479224153285589,0.6213705209998343,145.21860079513658,21.063920563572076,Aspergillus,1
CON_0169,36.970110685140085,0.8473205481537969,0.6524098670536369,136.40200704604138,23.86543349778534,Aspergillus,1
CON_0170,35.88388456299582,0.8596868153998103,0.6410714307744118,112.83203702490917,25.949338066356407,Aspergillus,1
CON_0171,36.47351772027649,0.5941287814073479,0.5837429708763251,108.99526764555938,21.69619590542991,Aspergillus,1
CON_0172,42.383186324687166,0.7325849924735721,0.5625041324742251,108.24725552868534,20.720609906980624,Aspergillus,1
CON_0173,45.729215798533154,0.7302847307203366,0.5424888246520573,92.32769446504493,22.60703196899496,Aspergillus,1
CON_0174,45.213526394640155,0.6473990644225742,0.4595242493359989,168.46127068408325,18.659428393479907,Aspergillus,1
CON_0175,49.61746599228819,0.6977746649927299,0.5163189907759871,110.3303859236598,30.358154886779094,Aspergillus,1
CON_0176,43.10401513502325,0.6711539323627336,0.34684518229655376,156.5147556247649,15.569355891527765,Aspergillus,1
CON_0177,54.62827261725853,0.9001816354738899,0.53819924478463,165.63948155767355,22.7389623155829,Aspergillus,1
CON_0178,40.88274533409635,0.8348542714517968,0.43136906714188994,149.9493269444388,30.09442487691856,Aspergillus,1
CON_0179,60.0,0.8617244075995327,0.4175692819341075,107.05139061845856,22.02719937823999,Aspergillus,1
CON_0180,48.00533878212005,0.8177337651234589,0.5715872981384175,132.1119027100983,21.23984385999402,Aspergillus,1
CON_0181,36.14273954866974,0.6696758583026217,0.7170402743613519,119.27413180827253,20.570218308758292,Aspergillus,1
CON_0182,34.4328600155111,0.7180383786976181,0.6601979927202776,92.88894417809615,21.27843327295037,Aspergillus,1
CON_0183,46.85977932194548,0.7991499648982334,0.3615399275652188,129.7307784516481,27.49139389870612,Aspergillus,1
CON_0184,41.21229771739319,0.6622297752886444,0.43124462361155946,84.62880626520592,13.152552354681973,Aspergillus,1
CON_0185,48.71200395273674,0.817039874413791,0.6628925425585859,155.6303816538469,28.133734805185302,Aspergillus,1
CON_0186,46.78590099658836,0.7407739681473491,0.4321015127754029,106.06148108104821,16.30417139019942,Aspergillus,1
CON_0187,42.417368698745015,0.7300143353960322,0.523044022000357,126.03478967618517,20.933390683062342,Aspergillus,1
CON_0188,36.22565025545276,0.8168767974562792,0.6160062518829462,128.49863614638426,20.28302231880535,Aspergillus,1
CON_0189,30.881222202513083,0.7955410649188832,0.4337986654163638,112.23285078887767,24.35421307908288,Aspergillus,1
CON_0190,39.42788038346383,0.7311227067344737,0.5626450607375152,137.60081404425824,15.60750259246501,Aspergillus,1
CON_0191,49.85119035458778,0.8527463842691398,0.3899169406098155,105.75289030132427,23.848690664327773,Aspergillus,1
CON_0192,44.71274995304163,0.6735149337920081,0.4778358827258544,146.1389189237173,30.097238493147408,Aspergillus,1
CON_0193,33.03408977030409,0.809274848555541,0.5883738320971045,79.62060959259755,16.547303981628758,Aspergillus,1
CON_0194,44.385447406809455,0.8074481006374707,0.3588407519761997,123.79138738639236,22.758824670441584,Aspergillus,1
CON_0195,46.08253903783069,0.7352362848548808,0.6028569685552478,178.16786997174853,19.352071288813562,Aspergillus,1
CON_0196,35.92914051039094,0.7860906417793694,0.5476434641287983,89.99006026183275,23.70354882477214,Aspergillus,1
CON_0197,44.22980084756422,0.6599109138891757,0.6162987945300578,99.66765088425446,22.07659110966301,Aspergillus,1
CON_0198,43.465669747568,0.833922161536552,0.5768696960877594,135.41723548976745,19.43405236382276,Aspergillus,1
CON_0199,33.85623761735501,0.7452078290845607,0.7136968515968612,125.38745345818793,23.951489139484295,Aspergillus,1
CON_0200,45.86229888278626,0.7181821583584769,0.5650269403177489,130.51890297820677,29.217392439146973,Aspergillus,1
CON_0201,47.486276210945874,0.8439207380669511,0.49847133506496966,134.6756139044299,21.236384833090806,Aspergillus,1
CON_0202,51.66440994540221,0.7036525047565791,0.564675700363874,139.0416440568531,24.87903176859273,Aspergillus,1
CON_0203,51.43041641627922,0.6473230962909151,0.6151957634843666,153.29099525868668,16.826908168515345,Aspergillus,1
CON_0204,31.97864505634327,0.6354696661180876,0.5558632084390845,132.29455970785537,18.174254492727965,Aspergillus,1
CON_0205,35.49739968067902,0.8084807961076512,0.5548710029444659,112.76227036144374,23.88962511152151,Aspergillus,1
CON_0206,47.12028213766928,0.6575656518002972,0.46576099746318933,140.17721103608193,27.93646411414386,Aspergillus,1
CON_0207,47.11028760729767,0.9003835345587492,0.4704518898938862,176.99645804685647,23.42245339514264,Aspergillus,1
CON_0208,47.12038149044838,0.5934456473693022,0.38168736738403675,116.0209876085228,20.747767877907382,Aspergillus,1
CON_0209,60.0,0.8957165094632029,0.7599492091824327,90.76412085988076,21.997165621693416,Aspergillus,1
CON_0210,47.56712408554534,0.7768813973762094,0.40073641175304575,153.21242007860917,16.99836906412113,Aspergillus,1
CON_0211,52.08452512144479,0.7522629510503687,0.46685137626449114,116.38856508139204,24.418061305421467,Aspergillus,1
CON_0212,50.63201410794562,0.7164064730552839,0.4637911281316963,54.81991361957891,25.52933224929364,Aspergillus,1
CON_0213,48.21113001044638,0.7919308891481656,0.657390925233333,145.42265031451265,20.19163866866768,Aspergillus,1
CON_0214,40.47784604287723,0.7569892238060121,0.5146060386049567,103.94015442138232,20.119831408961993,Aspergillus,1
CON_0215,49.07175376394614,0.8482641505613218,0.6997290487208481,117.28400153087517,23.063512918608193,Aspergillus,1
CON_0216,36.817398283699426,0.769138211892963,0.46918112509073584,129.95940991707045,20.253121055837617,Aspergillus,1
CON_0217,41.10545114607993,0.7720241409169502,0.5834792994668563,125.714990393372,21.73546954149671,Aspergillus,1
CON_0218,39.11709161736717,0.7309110230228915,0.4497583536088291,141.2835545141712,30.398887156666063,Aspergillus,1
CON_0219,43.65499311509058,0.7554443501023145,0.8074178953328065,106.9354088829047,21.01189719701601,Aspergillus,1
CON_0220,60.0,0.7846241415113646,0.4074881897164585,135.39317394528248,20.56663939191511,Aspergillus,1
CON_0221,28.061878459266016,0.6231865285874698,0.5871784852272434,112.21359967248247,19.409832777459364,Aspergillus,1
CON_0222,48.49008152299611,0.652145166231543,0.6260532257118518,142.16431442662508,24.97676788599975,Aspergillus,1
CON_0223,30.098273030482787,0.8194611275218171,0.5996558916941798,138.46102452039162,21.275103307127587,Aspergillus,1
CON_0224,39.22454507368453,0.7736692350502352,0.527765480934675,91.93683893866213,19.402507846714297,Aspergillus,1
CON_0225,51.71160477573893,0.7452813330917856,0.5344215160319888,152.57946348525098,27.28521612909205,Aspergillus,1
CON_0226,43.514240152763705,0.7614747146452314,0.5552573766374932,103.92109664657856,27.678412018054548,Aspergillus,1
CON_0227,34.37804177656555,0.7878065364289337,0.5323597598045814,144.24173394843436,19.59830573704518,Aspergillus,1
CON_0228,37.27757032592025,0.716819225575251,0.6656654940153891,131.01861940204023,14.533840194557534,Aspergillus,1
CON_0229,48.4367819914774,0.697735621967815,0.8152627601909621,175.14551030385368,26.03005475934769,Aspergillus,1
CON_0230,37.15706694626291,0.7756676204078146,0.48310098579906,113.29602052884442,19.261480696959985,Aspergillus,1
CON_0231,44.7316687166558,0.6817301777907974,0.3856236424505106,109.52049611645407,25.162502396651075,Aspergillus,1
CON_0232,43.36457471923051,0.7926602204571578,0.5394061541978494,119.41741182336801,14.119584729152658,Aspergillus,1
CON_0233,37.78719721915346,0.6237933116609726,0.8595651205185182,110.90460651497173,25.570389353197235,Aspergillus,1
CON_0234,60.0,0.8423324509860515,0.4535590518436323,143.99825705826152,17.155312282876874,Aspergillus,1
CON_0235,48.07135217854409,0.7978077985930434,0.746694016653288,71.51068174690236,24.923056476266098,Aspergillus,1
CON_0236,26.798859306739143,0.7804823787451101,0.7513240976891729,88.38952742560937,22.057092271345738,Aspergillus,1
CON_0237,44.49163451815542,0.8386152787156411,0.4835694109950407,87.9659123526242,18.18424232241342,Aspergillus,1
CON_0238,37.70570828185289,0.893237955557006,0.618277969502233,148.50922775920728,20.37185474829288,Aspergillus,1
CON_0239,49.81946667836979,0.8411496052014504,0.7454075947754245,171.31840117745776,24.745273827826804,Aspergillus,1
CON_0240,36.6598340925384,0.6127300614934683,0.5045046710815015,116.86652344387585,22.423577812460938,Aspergillus,1
CON_0241,42.082108468264806,0.6576338426611439,0.5255703567877166,114.93534830429968,24.337651921889936,Aspergillus,1
CON_0242,47.03989823184366,0.7100145137843457,0.4801982903261628,122.10156489339545,29.90576233806194,Aspergillus,1
CON_0243,49.926041553360974,0.7620872840168667,0.42822919231685597,154.85634907824573,15.743033553155794,Aspergillus,1
CON_0244,33.39762874355379,0.8014127216375297,0.4720866945920792,92.17940597428277,28.468850299874497,Aspergillus,1
CON_0245,40.323990113272416,0.7019404949477226,0.4031271679885292,127.15106948204357,22.41742375009285,Aspergillus,1
CON_0246,39.20043751071235,0.7749413411581663,0.5540900161911071,149.25592889347288,18.40486380670749,Aspergillus,1
CON_0247,37.77336613941031,0.6995693654117341,0.45760321227296297,135.03282509819536,16.67874549704404,Aspergillus,1
CON_0248,57.12363392224877,0.7110785757606441,0.5780543094148898,125.6874484979623,21.243518436891865,Aspergillus,1
CON_0249,46.23985368768764,0.6474671122521423,0.36329252245556476,150.03138277701424,25.68660044769784,Aspergillus,1
CON_0250,32.91292836531964,0.6861413403111276,0.5897056278657349,50.0,21.489803518489865,Penicillium,0
CON_0251,42.34289557643821,0.7118652315506933,0.550023475393071,160.33625958592722,28.044619720989388,Penicillium,0
CON_0252,51.977249576101066,0.7419301397618133,0.21075172289142538,120.37772950617729,16.195297239793764,Penicillium,0
CON_0253,43.25972208440918,0.9042913437286271,0.4948867883817087,85.08101309430629,21.951644208615782,Penicillium,0
CON_0254,22.845040272367893,0.7440480888934445,0.5973202790967951,155.33607798574943,16.990426222347523,Penicillium,0
CON_0255,31.126127417069988,0.99,0.3048430777570553,181.20975635488873,23.45452753049987,Penicillium,0
CON_0256,45.13528919349298,0.8594654320704711,0.6507086864205244,135.87654456116925,25.5475495603892,Penicillium,0
CON_0257,29.338644275049752,0.8347868898955899,0.5002822811239255,168.58623641608816,20.316952825275788,Penicillium,0
CON_0258,38.550555425169826,0.7513313775855028,0.36539857730899095,188.36834773965936,11.583144573491463,Penicillium,0
CON_0259,41.19707242743469,0.8760247903527193,0.4433077106810753,179.44743360752142,22.79579258718598,Penicillium,0
CON_0260,27.584556227375337,0.773948973900978,0.5169992295026067,189.19893588114178,23.74695420693404,Penicillium,0
CON_0261,34.5237971515056,0.8297607851716289,0.4591206469694894,162.26382473215676,23.61717901984679,Penicillium,0
CON_0262,15.0,0.99,0.5146507190935643,142.26300916704778,26.943128767288616,Penicillium,0
CON_0263,26.804898869325683,0.812315208022028,0.33951916883047606,91.94102564308494,17.715785281403804,Penicillium,0
CON_0264,32.97945478885472,0.911941866102854,0.4703232988843294,132.61812535610153,24.7208644218018,Penicillium,0
CON_0265,25.017734544281204,0.763745885989929,0.28035426037140243,114.70260214051424,26.7700300499119,Penicillium,0
CON_0266,48.05929043145308,0.817200920760243,0.436652872638156,205.1282815249344,14.885649663973933,Penicillium,0
CON_0267,23.55886897631494,0.9616640508508407,0.34153108302422525,134.7234256270299,23.27860730367591,Penicillium,0
CON_0268,31.47964410642413,0.7698426353769785,0.36173640688922803,143.69614420353457,19.983280675969315,Penicillium,0
CON_0269,36.04592461828873,0.9649958846397543,0.5983311810252525,156.54456128121402,21.673909307593416,Penicillium,0
CON_0270,46.530186312528926,0.876620154836438,0.5809572144713123,141.30807339117362,23.390705934153345,Penicillium,0
CON_0271,23.513102790564485,0.7750026579284586,0.5230965745088613,190.8515312129226,20.05108574354579,Penicillium,0
CON_0272,44.30531001723968,0.8705926191244416,0.31892246823929055,121.32051914796644,19.297167683353553,Penicillium,0
CON_0273,35.0818644881567,0.8978043559701383,0.4120309860366238,145.83822365711728,22.136609669952097,Penicillium,0
CON_0274,27.147930791616393,0.8697447969773757,0.595571723997502,117.72588242905854,17.65101624454879,Penicillium,0
CON_0275,38.69682779410616,0.6943820224087635,0.46700602963678856,100.39932466337882,17.65669948445926,Penicillium,0
CON_0276,36.59247756458776,0.7618290259340105,0.7283195447978033,121.64692727284144,24.717493131826014,Penicillium,0
CON_0277,30.198264982729643,0.8001985091558795,0.49719814072732466,138.88889608854765,17.404823859365376,Penicillium,0
CON_0278,35.55841667992015,0.8140453256719963,0.4730458939788038,127.1209332644822,24.66525000363685,Penicillium,0
CON_0279,31.91749122510592,0.8696537678040542,0.41290602429569984,119.22737060378432,23.850365171415806,Penicillium,0
CON_0280,35.90813876200998,0.8342160800746603,0.4660249085738739,97.81047608984498,15.096773084837613,Penicillium,0
CON_0281,40.29704539616837,0.7131724513031918,0.43170361963433473,137.50683282113917,19.28974139065738,Penicillium,0
CON_0282,47.68813452916282,0.850415828080477,0.5349730412026309,94.85838877906994,26.77643761218949,Penicillium,0
CON_0283,25.097476009385208,0.8688468596227058,0.56480427801535,162.80167891068808,18.075337875441274,Penicillium,0
CON_0284,52.06426699725013,0.8647832358344831,0.35568126473904604,142.4731925880351,20.14238295076245,Penicillium,0
CON_0285,19.383297603819983,0.9064624580443696,0.29025204557306666,96.27345501605208,23.848243573007586,Penicillium,0
CON_0286,33.785719239715334,0.8867137723639122,0.22965535522760444,130.72372768850408,25.133562037130382,Penicillium,0
CON_0287,39.706537651876616,0.8567344063382749,0.5109589592295053,117.4353078322825,20.993844455822018,Penicillium,0
CON_0288,37.24793494188026,0.8143867430833082,0.31759600725913517,149.57523531257542,19.609959221233435,Penicillium,0
CON_0289,30.01840384143525,0.6871231253187207,0.19165312884570207,180.21351338069434,27.68947944679403,Penicillium,0
CON_0290,33.3350219971418,0.8543694575306068,0.4966294325437157,83.74482591062767,28.955598655190315,Penicillium,0
CON_0291,31.055992522729337,0.8366150149730488,0.7491599420919348,143.45078237442252,25.91543220312718,Penicillium,0
CON_0292,30.285081944446308,0.8417263069756298,0.4492714906152128,135.1960161330008,22.341272570260095,Penicillium,0
CON_0293,41.7968167761682,0.7178601139343752,0.5506188929341971,160.14020229351397,18.766937113436295,Penicillium,0
CON_0294,37.85612388772038,0.733515476767339,0.45981952302570783,146.39589884713067,18.67822237377374,Penicillium,0
CON_0295,29.456723237914765,0.9042522282666322,0.4381332416170629,117.44092004783542,24.09005642106303,Penicillium,0
CON_0296,42.196799003466005,0.8168355876914676,0.5602891779585323,130.42838193000145,23.673592883554736,Penicillium,0
CON_0297,37.45839616701287,0.8745200557898098,0.41516705469736187,116.11922429589532,27.60639437178572,Penicillium,0
CON_0298,41.50289695071168,0.8222654700904368,0.48208707768862835,172.28021415795794,24.601800370144556,Penicillium,0
CON_0299,40.037030735388896,0.8223804911596596,0.48860373674352164,140.63934946015826,15.987678792960729,Penicillium,0
CON_0300,28.368039912623424,0.8950627044780798,0.3698291455628342,197.0357205725902,26.207790470891673,Penicillium,0
CON_0301,30.518551678424245,0.77871642174261,0.5690450819443827,138.1801755855614,18.00775749074235,Penicillium,0
CON_0302,40.978348840986094,0.8276896621552786,0.429004829196551,118.74779699268612,20.464114912190595,Penicillium,0
CON_0303,39.88296212346772,0.7830179769035965,0.35931058086085865,94.58856822161519,23.000800825006777,Penicillium,0
CON_0304,34.83278724828681,0.7852403018054147,0.5143811812284484,85.90580971232166,29.98266995913586,Penicillium,0
CON_0305,35.93861906647025,0.7952662301225089,0.3421838421850755,92.4759217098353,34.439674224021445,Penicillium,0
CON_0306,45.221319166307396,0.837770701730697,0.4533817388842954,148.0137995303445,24.42689223654473,Penicillium,0
CON_0307,30.26742888931336,0.7817001102669218,0.4489057204026956,155.26175069689802,21.26721352511845,Penicillium,0
CON_0308,39.3767790493603,0.9204604900458816,0.5803074678997894,92.564278939036,24.1380225939222,Penicillium,0
CON_0309,33.38245878052885,0.7484314158224397,0.5069637879455944,166.85114942228347,25.550621703495345,Penicillium,0
CON_0310,33.258550374182235,0.8050502684670913,0.4469967649505827,125.50816844949682,20.71732949777123,Penicillium,0
CON_0311,43.79021481589752,0.784821515338066,0.5481319559040345,144.40379035956647,29.180845423649288,Penicillium,0
CON_0312,41.60333079190424,0.9357582307482986,0.6168249058820776,188.36661884766272,22.920283036765607,Penicillium,0
CON_0313,41.50807708800511,0.8357243821209259,0.5169372367622235,166.90517947596595,23.990972356365578,Penicillium,0
CON_0314,45.44383045723463,0.9025475631574907,0.4512423143812057,131.94408056282504,24.663697008217845,Penicillium,0
CON_0315,35.168030733062075,0.7011551701570422,0.29257965211798087,113.26423323754138,23.686346442457822,Penicillium,0
CON_0316,40.45562377035971,0.8413640212695407,0.3221863604309553,75.44553796012084,25.35576200187845,Penicillium,0
CON_0317,32.51786594725235,0.891170463649875,0.41337303547743987,118.42540042272739,19.530987253812306,Penicillium,0
CON_0318,37.593330819907536,0.8265827191420339,0.376858535740886,133.66609283516917,19.76679298421588,Penicillium,0
CON_0319,33.95885556505852,0.9052384300052281,0.4275634436417465,110.38461418546449,17.59938306811322,Penicillium,0
CON_0320,35.77596771994175,0.7786169239919701,0.4567979909876529,136.06229098723085,23.758004922480907,Penicillium,0
CON_0321,39.76125620349531,0.9327477952148463,0.5135631305228077,142.30555648876305,25.115746014048455,Penicillium,0
CON_0322,28.45423453413222,0.99,0.4415401466329091,133.25432054575765,23.831091464607542,Penicillium,0
CON_0323,51.739098205483685,0.7909729151648273,0.5083801972591442,120.49992257529621,28.69796973339015,Penicillium,0
CON_0324,26.951860948002384,0.7843597982879382,0.4577369297772144,145.05964015900184,21.977615924683814,Penicillium,0
CON_0325,25.286491097698143,0.9362707581694161,0.21294401203753546,153.25821948708227,24.67496662237005,Penicillium,0
CON_0326,44.26488698800054,0.9463657716584569,0.3372797527417495,107.28802767671462,17.633196495442743,Penicillium,0
CON_0327,41.333301551703485,0.7781711978277385,0.43270949331340613,182.3279713923881,20.451601190102394,Penicillium,0
CON_0328,39.99295853641724,0.7863850546323313,0.3048366308590671,137.04235603147214,24.78215103026311,Penicillium,0
CON_0329,40.02676407411424,0.7974572312911594,0.5219914475995445,140.56548868834543,25.396408442972575,Penicillium,0
CON_0330,34.90202581722468,0.7124439591172578,0.6336900998812437,161.24643269769672,20.824132209343272,Penicillium,0
CON_0331,27.821965028113347,0.746507844281264,0.596251422203678,146.99648393790505,21.713602992567733,Penicillium,0
CON_0332,35.60643646554981,0.7396687386598345,0.42438685548837507,168.59409901739735,15.928505013276762,Penicillium,0
CON_0333,29.582706307903106,0.7585761947916697,0.6288871364219942,148.61372495605474,20.571883196773562,Penicillium,0
CON_0334,42.80095786734201,0.8172252090090575,0.4678400948642534,121.62687876078687,25.561532654079144,Penicillium,0
CON_0335,33.82354094798289,0.8387371786029216,0.4095496834658353,150.84510575618305,24.300820064426265,Penicillium,0
CON_0336,28.396022425659908,0.944040039425126,0.37639168037508725,105.68821378038015,24.00266288552484,Penicillium,0
CON_0337,32.42891326677605,0.7401316767408966,0.4137036376214246,143.25679117329568,22.19909474872384,Penicillium,0
CON_0338,38.303451634205,0.8987457918781266,0.4034187817750526,139.0031002806662,22.028252634512707,Penicillium,0
CON_0339,30.490203577568202,0.8028808924619593,0.4704499466850585,133.75649428182382,19.358715442106213,Penicillium,0
CON_0340,28.42223683546855,0.8160429032278053,0.46926887772598375,136.14387465683208,24.79531368081014,Penicillium,0
CON_0341,36.9494976919353,0.8739855593733282,0.45036552241840977,83.54452863507083,23.68389177755756,Penicillium,0
CON_0342,36.95973256886978,0.730182238275016,0.502432580369562,123.53825276777116,23.968075391971198,Penicillium,0
CON_0343,30.944454597030962,0.850592779694724,0.592877552974361,142.78534703423344,19.89586062932968,Penicillium,0
CON_0344,31.23169355505342,0.8333161766570445,0.5639464962529589,144.79569175992202,13.386628320515022,Penicillium,0
CON_0345,36.85639949886109,0.8593961011206519,0.2718122437860116,109.16974577222126,26.38861084701478,Penicillium,0
CON_0346,23.415325268021405,0.8431334915126254,0.14352946381176546,177.97123522594103,20.084650175966384,Penicillium,0
CON_0347,23.740289804987558,0.99,0.5621183893487128,114.01475455356497,18.54889694382752,Penicillium,0
CON_0348,29.252446229980514,0.7689808012598947,0.2859745561901495,169.0837160158021,24.773915647655976,Penicillium,0
CON_0349,33.292422786305224,0.7775202435998545,0.423028151772878,152.81583085615054,20.431949440323482,Penicillium,0
CON_0350,37.487260524784034,0.7701487578860188,0.3095864368728769,120.6131807046859,26.239745536186486,Penicillium,0
CON_0351,46.80284973559642,0.7755618304671796,0.23376234749039765,193.25932677828536,24.46802379830679,Penicillium,0
CON_0352,41.86127698561616,0.7690090298154786,0.5149755273845745,104.19089504730559,24.73427729280191,Penicillium,0
CON_0353,33.72049176029258,0.9151213224886041,0.5410986192363176,167.57462520830003,16.536177155197862,Penicillium,0
CON_0354,34.84787033677849,0.9336403398391884,0.3808187519127937,170.01746954128936,26.847775941545603,Penicillium,0
CON_0355,26.97976508289753,0.7743402965000419,0.1390749249426108,119.88139372770065,23.045002124935426,Penicillium,0
CON_0356,34.85189491206088,0.7534115541516616,0.3844506662097021,181.77395900192985,20.522891443015187,Penicillium,0
CON_0357,32.690730888638896,0.8577132445109122,0.4970164806483056,132.4986045620314,22.573553869369004,Penicillium,0
CON_0358,37.58174848270472,0.7758221564575223,0.2725306117471046,148.6608088783957,14.89505906840672,Penicillium,0
CON_0359,28.382152451581415,0.8706345454204408,0.4720031903734987,147.80965516313663,23.634611245922684,Penicillium,0
CON_0360,39.154772113929376,0.8362338416681039,0.4481628180992405,135.97073775588356,17.882513967271713,Penicillium,0
CON_0361,47.26191130402062,0.6987404708002214,0.5195149799521306,164.32424819479346,16.589318856625862,Penicillium,0
CON_0362,34.12991881234514,0.9438004161064049,0.4643496442096984,163.8046616165664,15.910563255128436,Penicillium,0
CON_0363,38.21369377679153,0.9636702138476417,0.33323172709421334,87.54404080285457,26.450753499959703,Penicillium,0
CON_0364,40.5211519336889,0.770976904761249,0.5935885801997389,179.13020728634459,19.482946425228846,Penicillium,0
CON_0365,31.79023622491331,0.7889838752051213,0.4309764512367636,90.12524035892977,28.134910839666,Penicillium,0
CON_0366,36.79273985448334,0.8428692312579924,0.4467234552588082,170.97638613024972,19.856794147790808,Penicillium,0
CON_0367,35.10073920625436,0.846756543198962,0.3380078449112165,173.8011541048275,15.170568169628213,Penicillium,0
CON_0368,35.78140878839066,0.8726835418138263,0.3968061298570188,107.27100709354406,17.533902240205364,Penicillium,0
CON_0369,28.81592172915627,0.9808163631013079,0.3438236743167719,127.67557136136246,26.943246480027753,Penicillium,0
CON_0370,35.19608139407154,0.805844221800476,0.42924647280918926,106.82885994542193,21.37640728825333,Penicillium,0
CON_0371,38.9839863299636,0.7561362204369236,0.6554050176170813,133.55236909133794,19.806850814037595,Penicillium,0
CON_0372,46.609148862360335,0.7096544617588377,0.28537186284823723,130.75897147442777,22.640072903411152,Penicillium,0
CON_0373,42.67416660868165,0.7615255968046464,0.2563726322547911,163.3898159680802,24.00713094467018,Penicillium,0
CON_0374,52.225459660092454,0.8173498421700962,0.6265404392992331,179.30926238358825,26.469595263609843,Penicillium,0
CON_0375,28.861219496895604,0.9635646290814229,0.42488115874177607,181.87051432369867,27.793996919571704,Penicillium,0
CON_0376,41.978565093765425,0.7785910960771062,0.36971127136081006,123.13495920265093,20.560925416843656,Penicillium,0
CON_0377,36.46673604590681,0.8379030361311118,0.5747885624875292,133.72334378766416,16.695809255671847,Penicillium,0
CON_0378,52.51842346574138,0.8186861683141797,0.3773261352315763,89.4968542333715,20.346139355506896,Penicillium,0
CON_0379,28.533613717158786,0.9150714618758466,0.6691211656256324,115.82389800511433,23.041122026331543,Penicillium,0
CON_0380,28.28222526255379,0.99,0.5313511045607123,168.94554899292373,18.144964295157557,Penicillium,0
CON_0381,30.204858836447823,0.7775304981663743,0.3914506310225157,188.46748470644695,18.17139634041983,Penicillium,0
CON_0382,18.008834205521545,0.7808448445985422,0.7088769855918604,102.96953384360233,23.37515152619954,Penicillium,0
CON_0383,30.793959826553913,0.9035328701655257,0.3773142092395994,122.22607222541318,21.805390593718194,Penicillium,0
CON_0384,28.926938707570415,0.8745513191701049,0.5390514446411169,139.20782729123218,22.131187981646345,Penicillium,0
CON_0385,36.20315029180966,0.9677365860588827,0.48591510964877904,148.4048347645882,18.966018661199723,Penicillium,0
CON_0386,37.734047806217276,0.8667142548260771,0.6062089547278557,115.71189440235062,21.078397143176932,Penicillium,0
CON_0387,50.00936671372709,0.7912566327370352,0.6373813436072223,152.7218313339227,18.303067422926784,Penicillium,0
CON_0388,42.6033907054884,0.8672523864553847,0.453840497887892,125.78481958787252,25.560793644499146,Penicillium,0
CON_0389,30.384770754700774,0.9086962864466326,0.359589855558458,139.56643187365162,26.140997338895012,Penicillium,0
CON_0390,27.812682629213135,0.8856385744957891,0.505196657152694,156.38852744011098,14.615248551047625,Penicillium,0
CON_0391,38.93535337205205,0.8605819224885838,0.36867415562974726,140.19266809432813,18.28195655923036,Penicillium,0
CON_0392,24.43813434383486,0.9053339751671323,0.6916064697031947,126.90842328420294,16.013882979639682,Penicillium,0
CON_0393,49.65167012683483,0.9135436472356537,0.4663842397299285,136.71170588222506,19.399904262372406,Penicillium,0
CON_0394,44.435520965770294,0.9305727192830021,0.40616141384254695,137.34911122383994,21.666248120838556,Penicillium,0
CON_0395,31.24659478316236,0.8718967910071713,0.472161636703789,128.89966910353616,16.20141912120588,Penicillium,0
CON_0396,21.29492376727298,0.8066305535746516,0.28834484525643644,132.23611811998694,18.312560747498747,Penicillium,0
CON_0397,45.8309789933233,0.8317370949146657,0.33340631537872184,187.9594151151415,17.984170511674005,Penicillium,0
CON_0398,34.08368123797906,0.9165207173206685,0.594049668953331,156.82758343823716,22.829069317595774,Penicillium,0
CON_0399,44.902530495787694,0.7546451463210211,0.3711726865234325,131.13559045912518,22.277377348145002,Penicillium,0
CON_0400,22.244578729645063,0.849493864709832,0.32437068207816727,160.90863213532208,19.113049786650986,Penicillium,0
CON_0401,30.204999816369817,0.7885328950138111,0.5143983303032743,129.9854153073197,22.707283488557593,Penicillium,0
CON_0402,35.041949597745464,0.8222995858347854,0.5922844985595597,175.19373912759923,19.813279661650938,Penicillium,0
CON_0403,35.375844750117935,0.9222761490085838,0.536274397279808,151.08926576594283,20.913379558695787,Penicillium,0
CON_0404,31.39947622816605,0.8352879254415922,0.569525722296698,136.78093567987312,28.693808361194147,Penicillium,0
CON_0405,39.98279945877999,0.8237149238524919,0.35918458937166475,153.43150777430833,27.36184420716139,Penicillium,0
CON_0406,26.459036564939247,0.7112115087216064,0.27938271999097875,92.87371543794502,16.80167505228961,Penicillium,0
CON_0407,33.86096411982965,0.8797002852821776,0.6301600382346584,106.19697593270584,25.3189296715167,Penicillium,0
CON_0408,35.962365053695194,0.8716387344912859,0.4112784193389437,104.18224980802833,25.24558621796637,Penicillium,0
CON_0409,39.115510672469995,0.99,0.41990003802539433,144.2882928429112,17.406946844989527,Penicillium,0
CON_0410,40.69291902471112,0.7953777412037599,0.609383297021887,191.97544998455277,25.275110575019443,Penicillium,0
CON_0411,26.002863265297044,0.8375320262131151,0.5167476011280792,206.93900438577896,28.15172767365021,Penicillium,0
CON_0412,22.72708663411502,0.8399506946968603,0.5047065326497929,159.14153304322272,17.509820775022344,Penicillium,0
CON_0413,45.22141457518807,0.9461962623810779,0.7098002813881301,155.0253342483337,18.329988715942946,Penicillium,0
CON_0414,37.658512095836734,0.8123763574090438,0.37277781235438284,85.96826797541783,26.07064586737401,Penicillium,0
CON_0415,29.01210770754757,0.8423217220616271,0.5613408153697484,123.71978600797935,23.08598124330259,Penicillium,0
CON_0416,47.409215804180185,0.8686317207773231,0.45684157498765016,116.36648744275283,24.20590510095809,Penicillium,0
CON_0417,35.92539707434287,0.8349287298525085,0.48223107346359084,121.37457205246652,23.36235686560199,Penicillium,0
CON_0418,44.43437747251061,0.7842853108359576,0.6334162111695039,134.9556854424563,23.562783683712578,Penicillium,0
CON_0419,35.54014785128087,0.8355271994318646,0.5109402907547549,125.83728266908618,16.694111486755666,Penicillium,0
CON_0420,51.4859833990559,0.9058905399887818,0.514595529485956,80.62100568872637,26.189270826485792,Penicillium,0
CON_0421,49.042726739545635,0.7378787760471152,0.5787008804771763,162.437307683526,26.678359969711096,Penicillium,0
CON_0422,33.00828681216741,0.8306375739317501,0.4062056724548538,107.8177092278058,21.082437023727888,Penicillium,0
CON_0423,42.77256760763484,0.7639903348048661,0.34929483991931926,147.17740592333448,21.82609220074455,Penicillium,0
CON_0424,40.16300759668118,0.9156037303139873,0.324622896717476,202.2224800924992,15.875569989777112,Penicillium,0
CON_0425,45.94905246025879,0.698145047617298,0.21403720927487982,112.4184622524073,24.05701902407134,Penicillium,0
CON_0426,27.280612315359164,0.7752862522182729,0.6967448555928386,64.0913743176101,24.288229766856578,Penicillium,0
CON_0427,40.488411679987514,0.8501769500051616,0.31761499611339805,131.41987334359666,21.751235932002757,Penicillium,0
CON_0428,43.4673958947967,0.9452419223387472,0.4234495651697074,173.02878904995714,26.49741343948201,Penicillium,0
CON_0429,20.930084108615084,0.814739979114161,0.41678240401332955,198.75042362661782,20.663691076080237,Penicillium,0
CON_0430,25.5339318986738,0.7755840378645441,0.4868888037370921,103.1135121664275,24.2584237035744,Penicillium,0
CON_0431,18.686142577919195,0.9704925655552472,0.5478884655047156,154.90097669709564,17.921342645231537,Penicillium,0
CON_0432,32.84474532444354,0.7041588879667005,0.5532568186031694,126.0406862965984,21.905791396503048,Penicillium,0
CON_0433,40.7403380463677,0.6440955234703933,0.3800307073717274,136.82154937087594,21.302582968388656,Penicillium,0
CON_0434,47.01885641676822,0.8552011560042665,0.4299453943456306,219.33030041051103,22.901231688163765,Penicillium,0
CON_0435,35.592758243358205,0.779835662051791,0.48390959405859596,94.9108901481454,20.521892284666567,Penicillium,0
CON_0436,48.02892436457034,0.7383013746295429,0.4201570648579744,147.6121898448372,21.474109617313328,Penicillium,0
CON_0437,23.959188334280867,0.8766685157839482,0.6428814691223992,154.03079515296298,25.304188685766025,Penicillium,0
CON_0438,21.372940485158765,0.8395040571016958,0.5089169941965902,172.5735897481804,20.25294305104713,Penicillium,0
CON_0439,34.55561840882705,0.7748737095410617,0.5381853343259781,142.93949460412685,15.573691597045283,Penicillium,0
CON_0440,38.07252359151446,0.7175756481063285,0.5295457522400895,149.24151618512306,28.998335616821684,Penicillium,0
CON_0441,34.73844201524726,0.8897965862624115,0.590816862898239,128.25054297734627,27.525816314761947,Penicillium,0
CON_0442,18.460463199680987,0.8720160942366928,0.47172258704444486,148.0738082373532,16.830949219577526,Penicillium,0
CON_0443,34.287039683897696,0.8120659308976493,0.2943801662452984,129.70423173507768,24.758831220980777,Penicillium,0
CON_0444,24.564243995961174,0.9677309596838133,0.497962554210317,158.64715669568153,19.98810091779463,Penicillium,0
CON_0445,40.35738039064031,0.7343932186939077,0.3718371727449805,128.91168991869097,23.053948861324237,Penicillium,0
CON_0446,37.93278596877479,0.6979579863260208,0.3865659981900292,151.3130118170656,23.176896516053976,Penicillium,0
CON_0447,27.48096170938116,0.7646473544095004,0.5203636822506112,139.12211558945066,21.062368798734713,Penicillium,0
CON_0448,30.889064661306453,0.8163531186915601,0.5985939685720363,173.78150752316503,18.864937337654414,Penicillium,0
CON_0449,26.52629182488839,0.8394671559458153,0.4525525892083274,138.45818829234543,19.237835790734962,Penicillium,0
CON_0450,34.498567221814625,0.8007011153714936,0.4870599615118757,86.80902595379357,18.33523233807503,Penicillium,0
CON_0451,42.64113856400991,0.8481644317211436,0.6542657933562286,177.85764502141976,18.67271116707822,Penicillium,0
CON_0452,27.11419162931565,0.7198768460647644,0.47889038153862823,112.82803097412143,21.73128683980258,Penicillium,0
CON_0453,39.03237212414275,0.9355011683258607,0.7622019737016474,120.3870098405354,19.136960043556993,Penicillium,0
CON_0454,30.757939053020472,0.8134279057285945,0.5178611574757853,122.13016117869523,24.72820826285048,Penicillium,0
CON_0455,28.657017341901245,0.9093836665270502,0.2387084689013019,181.23314279512454,27.94898462134371,Penicillium,0
CON_0456,34.14375712036354,0.8474180277102162,0.5404009945325439,75.92977358063914,19.679787034519826,Penicillium,0
CON_0457,26.718061420645007,0.8565402575323027,0.49573900618593336,234.1324560097998,22.95761800214151,Penicillium,0
CON_0458,30.570805557222542,0.8655813824185763,0.6047703304899295,171.68170427198154,23.998740441211737,Penicillium,0
CON_0459,25.416976859289214,0.8558166848013852,0.530781762152395,146.6971674238748,23.888009083677098,Penicillium,0
CON_0460,50.717801063331116,0.8714178207894034,0.43338528192194714,138.3531799815114,22.30382107166435,Penicillium,0
CON_0461,35.28210841577383,0.9263322024105944,0.3030842116452761,148.56662224572972,24.97072967343889,Penicillium,0
CON_0462,29.402195936059314,0.8357216935761176,0.424917209125677,155.63367285138014,23.92899581072263,Penicillium,0
CON_0463,36.71183928587378,0.876720300607081,0.347937545494884,159.3564675785017,17.04935031069081,Penicillium,0
CON_0464,34.10137560247336,0.8128211444570218,0.3803371860234333,156.66813398010345,25.47662425755709,Penicillium,0
CON_0465,33.232243203734214,0.9352093772359578,0.5206294085304731,142.68742043765747,25.54916334906697,Penicillium,0
CON_0466,39.9133336003474,0.7658886158352584,0.6503885405221688,134.07984739078023,18.946855583285675,Penicillium,0
CON_0467,41.06006168037844,0.9640752346328652,0.49736058357875773,135.46180149039463,22.15175134179041,Penicillium,0
CON_0468,30.75599081911578,0.8167873639484525,0.3064940325557779,134.15275158941958,24.733315971244277,Penicillium,0
CON_0469,30.39345407484256,0.7055379918305561,0.5033523201864168,174.01310290601194,21.162744721682554,Penicillium,0
CON_0470,32.799586422786845,0.830248353192863,0.5935957783974781,157.80670166842586,26.291912191064046,Penicillium,0
CON_0471,16.58463068211532,0.7655158674020095,0.37682605148167414,51.788340960071594,31.455489978477445,Penicillium,0
CON_0472,22.878471502411582,0.8872514839190979,0.4339179399992499,159.67702329589284,18.85605586946007,Penicillium,0
CON_0473,45.934994139556196,0.7677900816558086,0.4517625833675037,145.84208584156323,16.4758215873849,Penicillium,0
CON_0474,48.15974170801027,0.7843053253428176,0.35581220243013123,139.43873730662307,23.2152743824195,Penicillium,0
CON_0475,33.007711683548976,0.6688367415243575,0.527793652061263,128.34444640733344,24.886250020504573,Penicillium,0
CON_0476,39.612455704446134,0.7838154944600738,0.43548622216706623,173.72338159958042,21.076534504620923,Penicillium,0
CON_0477,37.49000123634829,0.6260896538696834,0.5003438932688433,168.42579386368573,27.813042653284135,Penicillium,0
CON_0478,59.6310464676419,0.6932877741211421,0.343500938663748,116.81366996529172,16.645576801107005,Penicillium,0
CON_0479,43.956599291476614,0.8808331724915437,0.39750500396119076,152.21156861373606,24.771674492126444,Penicillium,0
CON_0480,33.97665926815387,0.8828640126920665,0.5366857629393326,110.85029796376142,19.576556716964426,Penicillium,0
CON_0481,27.355676475196596,0.8540366049427971,0.40526002174898795,98.61145505633209,28.877511624829186,Penicillium,0
CON_0482,22.14842943793942,0.7426419085496629,0.6572356621480087,121.19848326230104,29.97006141267247,Penicillium,0
CON_0483,36.627709086937784,0.8161830915086415,0.4020436577262477,165.87180417148275,18.93337364886661,Penicillium,0
CON_0484,28.949194037725572,0.8197117968727545,0.4769621670902263,168.5937513612826,19.801771456365678,Penicillium,0
CON_0485,23.621970323218605,0.7273308248645965,0.5619108998247708,155.3925626029188,25.438351547919208,Penicillium,0
CON_0486,29.827416926059787,0.940271864141372,0.2797961120480362,161.7528736054399,20.45147740084194,Penicillium,0
CON_0487,26.347615971084842,0.8901889832460537,0.23870294256230692,155.48534861344876,21.818355128271048,Penicillium,0
CON_0488,48.49713308058052,0.8023228660936268,0.26692124225158864,120.75555214331143,22.10155368216964,Penicillium,0
CON_0489,42.053118055595604,0.8221508671195624,0.6015100924112619,152.95767634021823,14.321307375209376,Penicillium,0
CON_0490,34.93621886946706,0.8366706246358041,0.3837770224929064,164.01228575683047,21.94464901562305,Penicillium,0
CON_0491,46.83955311112021,0.6566612105260567,0.7569839142801903,162.62873989440723,19.241088903743304,Penicillium,0
CON_0492,35.61894646118095,0.8002258093983522,0.3822902881611134,175.66740114423928,20.027508710400912,Penicillium,0
CON_0493,28.10972638937389,0.7654412601601761,0.47214615638364443,161.2491154160319,27.774528013875255,Penicillium,0
CON_0494,47.18499261815726,0.7398703992084067,0.6350531943081451,150.54344622624748,16.973972422882973,Penicillium,0
CON_0495,39.31128034947727,0.7975119765691235,0.6907311465790947,172.10450714949283,25.252820746991908,Penicillium,0
CON_0496,26.70203076538835,0.9638149221479617,0.6973804291963678,139.2043622225282,20.884148278672765,Penicillium,0
CON_0497,33.47729057533113,0.8712674289013608,0.595003947671177,113.54376046316847,20.88095932601666,Penicillium,0
CON_0498,27.995053972921944,0.7743056808173762,0.5728875030973755,135.1079910816871,25.161487584206846,Penicillium,0
CON_0499,23.93760215228531,0.8658066225084926,0.5211032339041419,117.65292065580653,23.36020517827556,Penicillium,0
