batch_id,temperature,ph_level,pressure,stirring_speed,culture_time_hours,oxygen_saturation,nutrient_concentration,quality_score,pass_quality
1,37.993428306022466,7.46308877376582,1.1399355436586003,207.92828805128573,38.574743087589006,85.94019280474753,6.738851351853331,1.0,1
2,36.72347139765763,7.954708320235065,1.092463368291277,430.0197640720248,41.23939518654117,70.69608111430165,4.678757233882088,1.0,1
3,38.29537707620138,6.300716213090429,1.0059630369920174,299.3022729053814,40.836449961605666,60.604427368579,6.832557043479202,1.0,1
4,40.04605971281605,7.281484618345285,0.9353063222294427,130.82331165373247,48.85765856858224,98.60061477817888,5.814151762118266,1.0,1
5,36.53169325055333,6.674678715439087,1.069822331361359,123.42037169759168,58.39508999691055,70.0357218276441,5.482066727335386,1.0,1
6,36.53172608610164,6.756437308117652,1.039348538542175,233.69532747842433,61.3878008771558,87.0410515221019,5.36873314731752,1.0,1
7,40.15842563101478,6.703803037880565,1.0895193220027732,413.95879084458704,51.828306608644546,88.26519479514837,5.393797298216252,1.0,1
8,38.53486945830582,6.568004615160092,1.0635171801681969,383.0723738963663,51.00506684966674,84.40029668317942,3.07232742065439,1.0,1
9,36.0610512281301,7.024260813972414,1.1049552715319335,415.44598586896257,37.19365359508357,72.51629576854593,4.721116605849243,1.0,1
10,38.08512008717193,6.584524941794481,0.9464764788439433,306.90762257664375,44.74395720159587,70.84385015056263,5.845157971184322,1.0,1
11,36.073164614375074,7.135228412889919,1.1317394065634325,276.07959918219626,43.27329748855057,83.90673130810812,4.951102816525895,1.0,1
12,36.06854049285948,6.974880945275432,1.01975996046924,158.98101068251358,44.2749144104933,94.64382534446766,3.594810153196425,1.0,1
13,37.48392454313207,6.880525976566795,1.2075260872625266,231.27710144372463,46.991137088491264,97.86934915693583,4.94759554942253,1.0,1
14,33.1734395106844,6.546218168979201,0.9310812181910432,273.6077464695501,45.16745653381724,64.23623217615031,6.704105516255491,1.0,1
15,33.550164334973935,6.711614334715834,1.173596380316525,135.4401718718469,36.124201137745274,66.1931445039088,6.246891715534719,1.0,1
16,35.875424941518055,7.377695612912878,1.0197910783462647,188.2447810844845,52.487461536705204,97.78945035132318,4.9379959906339685,1.0,1
17,34.97433775933115,7.250458593812191,0.9348581996385552,339.29011762549555,41.56354184556116,89.4614091333917,5.951449277058087,1.0,1
18,37.628494665190544,6.511222377600724,0.9516114165945678,394.26524569567596,49.4354811846669,95.31975299319092,4.633492979631948,1.0,1
19,35.18395184895758,7.049666152714613,0.967965269180568,499.33900455717986,60.44449601849984,68.10530536541373,3.296128413173281,1.0,1
20,34.17539259732942,7.375693561685894,1.0424165946401915,473.24533253742305,42.483692450481456,83.50343484437607,4.075534011870445,1.0,1
21,39.93129753784311,6.165297359439315,1.05228354880355,357.02607981407664,32.81827486352202,88.04558377669895,6.562888768508198,1.0,1
22,36.54844739902693,7.271680096189968,0.9426299996061421,268.4992213176288,46.28397466871934,87.20447541787891,4.726006918170696,1.0,1
23,37.13505640937585,6.668688120527077,0.9975645407739017,354.4709458832931,54.605757809991424,76.32606763466792,4.756616020624982,1.0,1
24,34.15050362757309,7.28529933429658,1.2142270358611864,414.26064723209277,59.75008472532356,60.615795667652336,4.70016180372512,1.0,1
25,35.91123455094964,6.618370421728741,1.1727543170100712,147.33447636935495,40.6227024332855,83.31704227217053,6.904136589573007,1.0,1
26,37.22184517941973,6.09755894966774,1.0436323669674032,263.9619558785153,50.98019533941913,70.12406156718436,6.625958915362063,1.0,1
27,34.6980128451554,6.186228781058419,1.00380034781682,435.9209142542469,45.20813725931968,78.01016984571561,7.218780233448134,1.0,1
28,37.75139603669135,7.024042473330691,1.0120031326718262,253.5331807732176,47.364309874175184,98.30324060335269,4.840954789599949,1.0,1
29,35.79872262016239,7.129861250860741,1.0613517972730417,328.7489084908746,63.86606008210221,75.96141270569738,5.295624488747095,1.0,1
30,36.41661250041345,6.547841687447796,0.8977207434801594,335.1077443448793,38.98217802962908,93.59206426657707,3.483357450579209,1.0,1
31,35.79658677554121,7.319296229388687,0.9742623462576655,173.79050125345574,49.52243796896744,67.54162422997004,6.476934426118275,1.0,1
32,40.70455636901787,6.16923996886552,0.8331415926122411,244.89417666091535,50.806159030592596,86.89841992100115,3.8322204487320652,1.0,1
33,36.973005550524135,6.966960100676341,1.039922312260528,233.80451549677286,54.51471794963608,99.08027817755774,5.216775563762629,1.0,1
34,34.8845781420882,6.394491900118772,1.064719593970274,110.47868341282592,48.587898920825374,64.07572403491747,3.902697472367156,1.0,1
35,38.64508982420638,6.67408194609892,0.9516813537700626,109.6767055565421,49.848303237024616,60.332797689087684,4.4111331732613035,1.0,1
36,34.558312700057954,7.023699335658207,1.1573986763290032,432.6788174703094,45.650108595469256,77.34331170530457,4.1627375689503,1.0,1
37,37.41772719000951,6.569793317358024,0.8774234336997658,209.22832398912496,49.614761647470644,63.70501932205469,4.392124739324182,1.0,1
38,33.08065975224045,6.807722227885088,0.853562511979018,307.23150649552616,45.94084634701554,89.93537398704925,4.460877296851021,1.0,1
39,34.34362790220314,7.50314640460722,1.0224451818559972,219.4902294355092,51.729431339136305,96.58194655394236,4.451731205074923,1.0,1
40,37.39372247173824,6.711554065238426,1.1047098302612155,476.2716980461362,45.782337983738195,77.36083890835036,5.833333911780307,1.0,1
41,38.47693315999082,7.4178460560325705,1.168392769145787,203.71870354630948,50.262602363413116,70.34846568621764,3.8951372069374797,1.0,1
42,37.34273656237994,6.435146572671191,0.954111573713106,271.86272509557404,47.82442311789013,77.3761327602644,5.220541427013867,1.0,1
43,36.76870343522352,7.2649020889576414,1.1078680833431296,449.09210019384074,54.75630150463301,88.93791271400005,6.217959152305559,1.0,1
44,36.39779260882142,7.72078431032895,0.9961491530499292,436.77342671672346,47.691637658469084,60.36216646321484,4.486803635486604,1.0,1
45,34.04295601926515,5.764177749936355,0.982737270005918,174.44056713851091,37.361805190758716,83.57815957938789,4.282081109252398,1.0,1
46,35.560311583210584,6.601552372264762,1.0883659937486672,421.05732391828417,55.57152900428395,84.53166739549516,4.769475374819749,1.0,1
47,36.07872245808043,7.28853606359027,1.065232287841342,283.27475469515707,42.565606194824284,85.50752987583742,6.17972520836071,1.0,1
48,39.11424445243783,6.898477306978504,0.842360784301575,293.1875488341421,44.07740196810708,69.68088319923508,5.194107630953358,1.0,1
49,37.68723657913692,7.185572936685654,1.1476540349725897,153.3919889663775,44.426032235739044,88.56210893512507,4.468785705392402,1.0,1
50,33.47391968927453,6.698007406642089,1.1380091354147452,132.24060550284986,56.246628559024906,63.655659453271056,5.48387665118804,1.0,1
51,37.64816793878959,7.04329489373645,0.937443729849047,391.1757227895061,35.185954716127824,67.97081345867203,3.8977078501635765,1.0,1
52,36.22983543916737,6.92216138230396,1.0395803533437409,298.5844609421199,66.82649120195995,95.09880186617929,5.681359510442948,1.0,1
53,35.646155999388085,7.5838910308299035,1.049403018628274,274.7402810460718,54.33634085439631,89.54892602906266,5.408607307701768,1.0,1
54,38.22335257768174,7.127210421650607,1.0260673765823907,391.8032914609587,49.33943348477496,60.54982216045381,4.692191528861116,1.0,1
55,39.0619990449919,7.168801331037601,0.9449694846154579,406.2051595964439,47.67063599630228,69.93505041479202,4.161414201552769,1.0,1
56,38.8625602382324,6.794061516938767,0.9328376632061949,163.56326706774144,49.713324449145944,68.57625931972657,4.113319077716543,1.0,1
57,35.32156495355472,6.756196887963753,0.9974445929008555,344.09005979105655,51.12673457027603,70.8322531214789,5.5348173363459106,1.0,1
58,36.38157524829757,6.783720906090189,1.1172729019259364,154.14163291107423,51.871293515700344,69.90239081119546,6.228980502489062,1.0,1
59,37.66252686280713,7.1972260711891485,1.0543600154594432,400.5500344116183,51.33362679602069,62.50105182971383,4.362692252971205,1.0,1
60,38.95109025424472,6.789507759589869,0.9629385667913894,362.7820625068558,48.537484087531496,78.35762066387281,5.458386703551485,1.0,1
61,36.04165152430942,7.1448874284482065,1.0771698710648345,482.6458484333832,46.81596947815604,89.30933899144661,2.9129729813979313,1.0,1
62,36.62868204667237,8.03770039932272,0.7151457379369924,127.58320654256848,47.09236029807893,84.26926898869746,4.415382269342801,1.0,1
63,34.787330051987944,7.435562351715846,1.1148765700372103,122.82188846050173,46.83055031788391,86.9148667439232,4.968941067129098,1.0,1
64,34.60758675183866,6.836988233916079,0.82602862212219,212.87482987728006,54.80262058120239,63.24596714144957,4.090316583018167,1.0,1
65,38.6250516447884,7.600606961081972,0.9637559058596867,204.6822734943624,51.56134033368517,98.05962840707149,4.063493625210404,1.0,1
66,39.71248005714165,6.795962313489224,0.8880330105373856,198.79151962879993,30.35766819201432,93.53967335372099,4.332220443531114,1.0,1
67,36.85597975683933,5.980937732411073,0.8705318524279094,462.50183220841467,51.935404659178566,92.20361273982651,5.292192728326373,1.0,1
68,39.00706579578405,6.495956844541298,1.116082678737852,199.81847993980244,49.16841716831265,92.9193522016707,4.812670981593626,1.0,1
69,37.72327205009527,6.064604039487072,0.9532298798688108,208.7798904514524,47.887747461324615,97.30842032531045,2.761768766675028,1.0,1
70,35.709760490789755,6.8242432579793455,1.0346503881730715,403.75930496718547,45.66888928146668,81.7701586445479,2.879299847364934,1.0,1
71,37.722791211016826,7.009209189594776,0.9953079421120816,279.895936980216,54.74467631991608,68.01128071470504,4.393134822142825,1.0,1
72,40.07607313293194,7.8382186561376415,1.047704082722312,410.6842227820725,53.68515877273715,84.67134431410165,5.457686586053552,1.0,1
73,36.928347921780095,7.163463686882081,1.0076821891060255,126.14646302575409,43.36273399305834,89.71525974671756,2.2524951572747653,1.0,1
74,40.12928731162801,6.890449735595568,0.8717007775811431,295.02847746935373,50.44231372274721,89.51669573416102,4.500269823848369,1.0,1
75,31.76050979182051,7.414702790591744,1.099626681944714,113.44544007331305,42.17005959275228,80.85796096667521,4.473752143482579,1.0,1
76,38.64380500875045,5.894432345496058,0.9506243416838688,125.0612813821418,39.72229101126642,62.73834877334312,6.388337778208448,1.0,1
77,37.17409413647634,7.117807279054283,0.8443418101340249,462.57498133776437,44.23969665246021,74.84451753720512,4.614978188287136,1.0,1
78,36.401985299068265,7.385432596943484,0.9571884839034087,155.69814844703808,53.17436083429655,96.83066433853429,5.382988984740928,1.0,1
79,37.183521553071,6.26070687711008,1.1500759790634312,312.96827291008685,53.71875027225652,83.37795639029704,5.141257140087463,1.0,1
80,33.024862170798215,7.5718770216034645,1.0850221742113493,264.4382410402826,51.07851252058376,81.53327773022853,2.8694335201927994,1.0,1
81,36.56065622432497,7.169248203747207,0.965134786559214,238.93733050353708,52.35057472108798,70.75414057528774,5.768207216631737,1.0,1
82,37.71422514302349,6.792356043049599,0.9650742295681571,459.933338274909,51.09706972268975,74.73795679666316,5.215396505456288,1.0,1
83,39.95578808948303,7.3163909330531425,0.9678364948782617,108.7293587101958,44.151110428662285,95.81384356612676,5.50826863967459,1.0,1
84,35.9634595634527,8.135346428902198,1.207674798356084,365.51587447023564,50.59153526804364,86.65852190107343,8.926237706436327,1.0,1
85,35.38301279421363,7.090933127529247,1.0381935452231554,485.35777368542017,52.80245715136609,91.49548107009332,2.9158870605014116,1.0,1
86,35.99648591283093,7.124110293150168,1.043004164719107,324.0672733847368,52.52574797888145,78.17381692270621,6.724696649761109,1.0,1
87,38.830804235404145,6.770319550229878,1.1030283454031842,474.7289848132367,55.13348022884786,85.20988877824632,4.712552480599644,1.0,1
88,37.65750221931937,6.575077815267604,1.0238789159026513,120.9031517144095,52.24982308320638,69.9353443497283,5.287328904403009,1.0,1
89,35.94047959246592,7.415167908272123,0.9740957854179297,267.5173276296646,50.108689245249494,88.21843321133946,4.954487754698758,1.0,1
90,38.02653486622671,6.571958087045567,0.9803650150915022,204.06311638482046,54.420901429898564,77.10405334813349,4.575763666601956,1.0,1
91,37.19415509869608,7.035783118609697,0.9928398740585936,392.32838599229194,47.84087244450564,77.70182059258983,4.430167071761241,1.0,1
92,38.93728998106578,6.761171276617442,0.9962777763490158,492.51883619889867,42.708752092633695,85.97289298307527,5.329508735573009,1.0,1
93,35.59589381224529,7.2394899128731955,1.072762954363698,202.61202497769912,47.021598216337416,97.45122485875706,3.482826303328321,1.0,1
94,36.344675706804466,7.166831052643474,1.0051945885807299,361.6698405896298,43.530584131161305,62.56025386434484,5.7505791675217655,1.0,1
95,36.21578369373569,7.51876997212895,1.0732640077215578,179.23905310389605,43.94893035015371,92.9897294938803,4.583805595114746,1.0,1
96,34.07297010373576,6.744991800572627,0.9919283419891418,326.13210182864395,47.13288797570689,71.69532441648772,3.869930660959642,1.0,1
97,37.592240554129155,6.865062532353314,1.007863519031609,285.5729946753345,43.24548047400023,77.75677818025511,4.549987142004186,1.0,1
98,37.522110544359776,6.5106181421088465,0.8001799315467892,488.8021318526148,46.152230822165755,60.87653315100036,6.257149216862572,1.0,1
99,37.010226913284924,6.777853369961944,1.0916327674702482,343.41090907858666,36.63831199827729,72.04184311337252,4.4646649129837765,1.0,1
100,36.530825733249706,7.1886502465224265,1.0346488475897992,239.8025488347275,49.27976224423763,80.10524970520521,5.35845361820962,1.0,1
101,34.16925851589917,7.378494308322676,1.0998010109859653,145.63831395517334,48.007232852173345,62.24704309389756,4.2690437242845265,1.0,1
102,36.15870935446928,6.538917337911188,0.710374462180631,160.49873149397382,43.09746821359086,79.6438291753266,5.757921849923619,1.0,1
103,36.31457096694646,7.4348029600528305,1.2088374704780729,190.12677198049403,51.95547401059443,97.08442515433708,5.685507738790204,1.0,1
104,35.39544546155676,7.677818929402475,0.9860410371844827,200.3866645361192,53.62542082575935,64.21572872431221,6.848608833296412,1.0,1
105,36.67742857666798,7.20671745161185,1.1108182816737517,440.2464231364551,38.354640813786155,90.57762912302017,4.824436054500785,1.0,1
106,37.80810171362908,7.938397906279033,0.8960094072874469,324.48911531300996,43.423651328602716,76.3868421350397,5.668654804757907,1.0,1
107,40.77237180242106,6.613105400448213,1.061277390506257,309.35636454974656,43.38514590127621,86.20694858097352,5.0980675395389445,1.0,1
108,37.34915562566368,6.377672648344292,0.8946584436826344,145.90754874768697,42.36058139334681,70.40946391940918,6.295871781863014,1.0,1
109,37.515100781445526,6.110639875547861,0.9376231039304195,444.055877339774,52.97684905159049,66.37969050165434,4.28116761239127,1.0,1
110,36.85110816846767,7.748022155744591,1.1914031353866785,389.1257212833935,46.83704316736318,66.41850457084905,5.745005312877281,1.0,1
111,33.162457569401916,7.327182828177029,0.9809317599236653,127.06734476000064,46.412910952136336,62.81967782572578,4.805302703883318,1.0,1
112,36.94697224910156,6.972207664544772,1.0217432873179724,383.1340388919075,35.97682581355948,67.42586819604972,4.935811822891503,1.0,1
113,37.12046041988205,7.139984313159911,1.0870067730688755,317.41528693705845,51.81250818125536,86.56877539955873,5.091752484448373,1.0,1
114,41.92648422497057,6.437255476350812,1.0495681887972605,132.6901382987113,40.56444963087917,95.26762447374031,5.252240396426678,1.0,1
115,36.61527807043775,8.222875989808413,1.0150418905143577,283.3202566114626,48.35959578159797,92.56502742364647,4.883770956878042,1.0,1
116,37.60309468466723,7.064610590987614,1.0364961002466226,293.8785148520188,49.66426162774915,87.40537239497937,5.2147131831705265,1.0,1
117,36.93057646058951,7.054697397302446,1.2403415585238275,166.30981606531032,56.1639515750319,64.41727453644411,6.578118057562184,1.0,1
118,34.662643924760935,7.362883311949346,0.9942381202966415,478.2792588001129,40.147077605285325,71.567497851838,5.985449685615219,1.0,1
119,39.28564562903004,7.240504615868357,1.0201099046714968,439.99014859226475,29.882927065075048,72.39227501289876,5.869154592496897,1.0,1
120,38.50386606537355,7.111942012139566,1.1050654396007613,367.6089349316433,49.10309726852217,69.99827785590485,4.544460473976129,1.0,1
121,38.58206389408609,6.604762772277344,1.1105525932957985,284.9182244002429,58.803067089065124,80.60022638838893,4.110759171771676,1.0,1
122,35.18122509041052,7.235734178567998,1.118703030556038,264.70621663380336,55.433678117636624,81.4221525951869,5.955300558237753,1.0,1
123,39.8055886218722,7.9410122482375165,1.0638730222029185,360.38938686038165,49.257956491647754,74.27543900684441,5.876046792529794,1.0,1
124,34.196297874415436,7.672710023077489,0.8856995087269517,318.1727477627622,45.050182886207715,74.15156634945744,6.472670675750982,1.0,1
125,38.17371418760054,7.796593313319699,1.1633431532301097,124.90924235275425,52.84273557982386,93.14222391624325,4.396019374030771,1.0,1
126,41.380911251619956,6.744392161784408,0.8853654606981312,305.0010595081327,42.15872280177319,91.57171393278742,4.770451344639653,1.0,1
127,35.018927349738625,6.5051975898707095,1.0302635465239034,422.5614468931358,50.85814661613732,72.31183326722983,3.3605158374745656,1.0,1
128,35.86740454079445,6.937106539950176,0.9245724149980642,283.6959510387832,51.032820954999764,96.55153775493037,4.6075288939391275,1.0,1
129,37.19930273017528,7.027862456144347,0.9935861653407008,120.78263102170737,54.36125944499328,98.11260068010024,5.996570510579447,1.0,1
130,35.993048691767605,7.547095759235474,1.032876241030348,414.5112797536132,64.55796023346647,73.06970168120164,4.533504620771802,1.0,1
131,33.89867313786773,6.15376768514259,1.0321357215450273,180.54551285438976,50.3544958030726,74.1769979517222,5.640479795200823,1.0,1
132,37.137125949612056,7.7647751597303065,1.0421920754235285,203.4483339552155,44.946218245755006,80.22536613687835,4.809496894002189,1.0,1
133,34.87539257254779,6.920996050710506,1.1613711269058646,165.88254137291835,47.846554126848034,97.64483250134694,5.324057028221561,1.0,1
134,37.947184861270365,6.78655946502629,1.045353430151398,232.08602594859903,37.38554457066529,95.05277732569246,3.8523086101843327,1.0,1
135,35.1611515315324,6.493947812369917,0.9755843364709351,402.700602275454,43.83172121346565,64.1027185033436,5.085209449633901,1.0,1
136,40.099868810035076,6.1725716640671155,1.0964087168288357,307.7543438015749,45.54430537132138,75.70922973085665,2.0088640290992767,1.0,1
137,35.433493415327526,7.411585291980957,1.118947048892464,181.95250966028502,44.85546961239245,82.13484758999087,4.813103841838015,1.0,1
138,36.35587696758865,7.036658983594202,0.8772392184863007,451.13203126081635,48.914129232202335,80.1252989020616,3.36952675628486,1.0,1
139,38.627034434739336,6.355019550129473,1.0597400069849858,451.8327419806117,43.06548040570679,67.75452271747571,6.205994516546816,1.0,1
140,34.53827136713209,6.352460613968192,1.0701172742310898,448.23137001840274,54.72618400394683,94.35267084672618,5.777407352764511,1.0,1
141,37.45491986920826,6.832107650354936,0.9702436496640008,195.51848455261572,48.00124238950918,87.07763131987349,5.466670981966081,1.0,1
142,39.614285508564855,7.834510762644697,1.137570681331162,280.49573767239525,47.944198073168316,93.51633499407214,6.52100622715938,1.0,1
143,33.78503353087754,6.870204324318197,0.9849944412967473,493.99586245635004,46.032631700922494,94.35057117397889,4.051083479175163,1.0,1
144,37.36926771706461,6.248428523440947,1.0125576453471543,408.80499052399614,48.931144103153876,89.93423414662959,6.747363197915558,1.0,1
145,37.519765588496846,6.877128467957028,0.9826928175716131,110.86696849022393,52.95058958800581,77.56842404998869,5.932191564260385,1.0,1
146,38.56364574355462,6.863638215126165,1.0015579047581467,126.08183650419681,42.7972187057346,84.42187020061698,4.7634447127810535,1.0,1
147,34.52609857824383,5.651556678529214,0.8903724913104798,285.5725507249331,44.05130106554846,66.41461624478973,6.135620147182944,1.0,1
148,34.35908677383145,6.972852566741094,0.8559949117405705,463.68808234462404,46.17764382734001,86.94581669899631,3.893706487588366,1.0,1
149,38.0438831312338,6.884532734895661,1.1594505063224974,315.4807191810857,39.92477445916071,67.17013022957123,4.175485838472326,1.0,1
150,37.59396934646637,7.348103182406709,0.9153038651681672,299.1250032137161,43.084452841671016,87.75798362040626,4.3914102767603,1.0,1
151,37.50098570069175,7.924478047472673,0.9008607650543693,142.18947998265224,45.14267475873204,69.18392643015875,4.471022291935984,1.0,1
152,37.69289641899395,7.563282514773879,0.7846609886396285,362.7120418897176,53.24633508427637,64.7020520060088,3.9434423572397472,1.0,1
153,35.63995055684302,6.865555654722585,0.9361038252310497,428.8412642400902,49.57536797401155,66.6113796057183,6.223083067095325,1.0,1
154,37.464507394322005,6.446737045629165,0.8676910206592502,252.16800300302492,49.16153946820527,60.07968540876281,4.741145599630168,1.0,1
155,37.586144946597365,8.28667990162493,1.164201516013637,410.244740370131,53.105387773007834,88.7495847141412,5.35250496835688,1.0,1
156,35.571297163947264,7.029609217007244,1.1009817089342635,485.7906615603246,47.17576926960362,89.29604196233517,4.42964863358632,1.0,1
157,40.731549022289514,7.006964645956473,0.9311849654822276,181.50658365107563,50.34278909957334,80.59733399653038,3.179396699451483,1.0,1
158,37.94766584182358,6.987937456444999,1.2252435805344308,309.3318524778965,47.380669482405025,66.45451204221534,5.270057358391422,1.0,1
159,34.6173930055947,7.099042380383928,1.0981765486991595,214.85518323383022,49.59217409639777,63.34217350042759,3.087745024580223,1.0,1
160,38.31310721726766,6.927819794038029,0.9675168616491377,417.14176761353576,44.503448054330505,60.76515865749148,4.931365953914532,1.0,1
161,35.050636659545354,6.713168996559882,0.7500594285126427,331.03734635246303,33.36709705034143,66.62992707860883,3.6316849611671893,1.0,1
162,38.57416920748491,6.726570529379804,1.2290942572590742,353.8329670201215,47.194325026882176,95.63422139932587,6.987275999230808,1.0,1
163,39.31719115801481,6.983623364892001,0.8610427533236404,419.16566384635763,56.53648881659964,69.66147366806727,5.911362722174721,1.0,1
164,35.35863536329658,6.728287614433118,0.8354601253043108,258.38818906498193,53.55729241344955,74.17085308868863,5.10575379127148,1.0,1
165,38.92675225848864,6.643577108661418,1.102257043200964,466.03602736281726,53.792384907547024,64.21381937925332,6.263706677654668,1.0,1
166,37.825561853873,7.0532151138459485,1.2439752406339273,313.211546898456,55.41678433083731,68.89445218992681,4.153684022534264,1.0,1
167,38.64412031998898,6.872511391289573,1.138427281851052,163.1819291341392,48.53194554576862,80.7689828312082,5.543479378670093,1.0,1
168,40.7935859653079,7.751996494291344,1.056390912005236,378.359647267521,49.183894244433574,84.3101073238261,5.199810433718714,1.0,1
169,36.50922376799426,5.6745150958034944,1.0594754341665287,417.3045401753018,44.2940886273939,69.81409256664844,5.26402008133367,1.0,1
170,35.49252767128502,7.545753425961231,1.0853415558780308,226.70467082701066,46.1035628638377,62.30928636900469,6.272353500106767,1.0,1
171,35.22097114074895,7.623042596248815,1.0758928589786765,442.8717027995012,51.69462689862685,75.64131476509594,5.732492102779802,1.0,1
172,35.368379430069126,5.963304883795925,1.0281191423969376,462.45730190630655,55.223306623012895,69.36813483705336,5.288723662825023,1.0,1
173,36.84579658117179,6.8286562029598254,1.0104201103951875,210.7617949511236,47.163322345914004,68.78215692919207,3.345112563771704,1.0,1
174,37.68230394963329,6.814279567002104,0.9937406872100477,493.4085890860888,45.29886441089153,98.39451210853821,4.039953704720537,1.0,1
175,37.55338159866004,6.29624415264109,0.9246035411133324,156.28461121950338,48.003167753139586,84.65201943702897,4.8772910664042755,1.0,1
176,38.65436649807205,6.611091656204563,0.9719324923133226,180.806267360996,51.607240493574686,82.27513772688383,5.093372374276651,1.0,1
177,37.02600378375581,6.444712077267086,0.8307043185804615,173.68993569521047,39.336871103198746,76.63100414093287,3.869796275326076,1.0,1
178,39.907068154314636,7.876135221711811,0.990166037320525,457.59588400314817,34.22291428117657,77.15777333720577,7.411676675578422,1.0,1
179,36.470686333524085,7.46783919657373,0.9011408892849082,361.71702092998476,44.6967789030505,81.63620015352323,6.516394055253572,1.0,1
180,42.44033833317924,7.63577754749708,0.8896410682784229,160.84171328890915,40.67572544451505,87.8571922814443,5.602118320392483,1.0,1
181,38.25133469553001,7.360836032021617,1.017989415115348,276.12936734733955,44.951158814116134,88.08584384727318,5.0720368612837445,1.0,1
182,35.285684887167434,6.435474114391385,1.13920022863446,346.1192100279208,47.11331808709517,66.86775630821798,4.787791030098848,1.0,1
183,34.858215003877774,6.737739866860113,1.0918316606002314,133.38563399575332,45.28050954586192,80.00451008306507,4.0480815399777645,1.0,1
184,37.964944830486374,7.244687280613959,0.8429499396376823,452.9665473629355,56.71480520682447,76.47832380136407,5.077480518518863,1.0,1
185,36.5530744293483,6.388936095554027,0.9010371863429663,421.44141417661405,49.96046858761392,94.82107865077538,5.257752540142751,1.0,1
186,38.42800098818418,7.356499215086194,1.0940771187988216,302.0827094306553,49.80284615766497,85.25675684873505,3.7582394245183757,1.0,1
187,37.94647524914709,6.879837300920933,0.9017512606461691,486.85064610366817,51.73324286426041,81.30016265663927,5.3341764172448976,1.0,1
188,36.85434217468625,6.812589596225202,0.9775366850002976,267.10439171003986,41.16700129331539,64.61578568715669,4.844740951175251,1.0,1
189,35.30641256386319,7.355479984101746,1.0550052099024552,493.64412761459914,54.234670724521614,84.22551557293646,3.092192442122609,1.0,1
190,33.97030555062827,7.22213165574302,0.9031655545136364,367.16799952145084,47.54541428078724,64.68815622720933,4.139614989220498,1.0,1
191,36.10697009586596,6.81951691709046,1.010537550614596,353.8685093015766,52.02288370344728,73.48826302263008,4.586394466578356,1.0,1
192,38.71279758864694,7.579664901682124,0.8665974505081795,166.381958118314,41.568856601759066,65.71367859257327,6.887687657340191,1.0,1
193,37.428187488260406,6.459468336200051,0.9398632356048786,452.7711033218576,38.677447403903614,87.68294588097476,5.5565531245337585,1.0,1
194,34.50852244257602,7.307967803472132,1.0319781934142538,270.9958751682461,52.90733794815017,68.2500845534461,3.6645184309001086,1.0,1
195,37.34636185170236,7.296550628984192,0.8407006266468331,164.89336231299174,50.2584571565851,75.67437492752104,5.486036289417637,1.0,1
196,37.77063475945767,6.845226780343005,1.04404747379604,105.04300799030362,42.58769067385494,95.82699110475114,3.4526960110616347,1.0,1
197,35.232285127597734,7.163066511121059,0.9980362201073318,323.902273455353,42.78202151235183,68.17265533595881,6.082691053887073,1.0,1
198,37.30745021189106,6.374443211807349,1.0552489954417148,310.95984884907057,54.752608706488616,80.31220255835116,4.528875348182122,1.0,1
199,37.116417436892,7.462013509603451,1.0223914134064662,387.7414489476634,40.863528642796034,76.77086644664088,4.906363811260829,1.0,1
200,34.714059404338755,6.907548931778505,1.1364140429973844,456.10322120712084,57.85603771953578,60.72496164182919,6.32579664754219,1.0,1
201,37.715574720696566,6.73863848974048,1.0125224502647907,131.76263385721182,42.59627559211279,91.7103245429125,3.71283643141575,1.0,1
202,38.12156905273647,7.524504612918444,0.9570594458874747,392.5985961361449,51.830351553650296,62.76183625258399,3.6028818148870085,1.0,1
203,39.16610248635055,6.647828154728621,1.0122297503032285,174.9647776390329,46.02828914550609,78.97020083907815,4.416400673653995,1.0,1
204,39.10760410406981,6.29576935181822,1.0543298029036388,443.2708212628656,51.61912458649406,82.42713179755799,6.038378851019317,1.0,1
205,34.24466126408582,6.221685413238048,1.0048860070325705,427.62540554466244,44.73531598731484,85.13705826458349,3.480653924523158,1.0,1
206,35.124349920169756,7.3030049756728195,1.0040591691203882,316.31750199421776,47.023242563566235,87.54526517231503,2.167844401889431,1.0,1
207,38.03007053441732,6.359785323751859,0.9298008312193244,384.0971194493246,48.24551505237433,70.13089534090861,4.5488411415910015,1.0,1
208,38.027571901824416,7.877397090992182,0.9337099082449052,225.74004527349936,41.98687526531116,60.39915106633798,5.55174079991092,1.0,1
209,38.030095372612095,5.959035296058139,0.8597394728200306,288.46715957312585,52.44494607252076,88.93774649419647,6.2002617497388295,1.0,1
210,44.705462981309445,7.848228184145019,1.174957674318694,428.65475908418864,44.92071860117049,81.42626397390315,4.536838637914601,1.0,1
211,38.141781021386336,7.105508733601309,0.8756136764608715,283.70607886928553,46.62840050795989,93.44470812828996,4.588573392883998,1.0,1
212,39.271131280361196,6.951643444064803,0.9307094802204092,243.1193061301767,42.03390375234893,92.85553451602777,6.153900734255747,1.0,1
213,38.908003526986406,6.727540456595525,0.9281592734430802,297.68497890012,32.62599804722814,93.73304671151533,3.1302583003045794,1.0,1
214,38.3027825026116,7.199568057176036,1.0894924376944441,431.29970097488734,46.853833424398985,79.4037863991816,4.611479224816991,1.0,1
215,36.36946151071931,6.981182648787576,0.9705050321707972,234.0832189483491,62.475692529677495,73.34513583347463,5.190423889925058,1.0,1
216,38.51793844098653,7.551650941008261,1.1247742072673734,169.5046372542975,52.70762572738814,91.6623281036548,5.4492187212850345,1.0,1
217,35.454349570924855,7.05711382433102,0.9326509375756131,384.80560813231233,47.884437721593635,78.0517645211702,4.490193306809117,1.0,1
218,36.52636278651998,7.075150880730939,1.0278994162223802,430.39128508323273,46.42265502475039,67.33768785613738,5.034441011705841,1.0,1
219,36.029272904341795,6.818193893893072,0.9164652946740243,140.25499140941332,48.13479535687228,94.19896078245898,2.5116726465870105,1.0,1
220,37.163748278772644,6.971527188139467,1.214514912777339,195.94964510237787,51.28271469105126,95.3023950708939,4.341751587666152,1.0,1
221,41.629317133347016,7.1539008844460295,0.8812401580970487,156.78879590439755,40.91512310814693,78.6523902456068,5.453508712554467,1.0,1
222,33.2654696148165,6.1449158036716875,1.0309820710227027,239.17656463286664,54.68593016801323,63.0279890923915,4.0177059657453205,1.0,1
223,38.37252038074903,6.3259072889471435,1.0633776880932098,280.14039156216506,52.292287892647465,75.51304359667725,5.058984221589597,1.0,1
224,33.7745682576207,7.371632047011357,1.04137990974515,399.5305347853226,52.309114354247605,92.14150637850413,5.446872500802698,1.0,1
225,36.056136268421135,7.085432719063971,0.9814712341122291,360.45903395266964,50.630854432858364,96.07096114184915,4.657450799142235,1.0,1
226,39.17790119393473,6.908008331823661,0.9870179300266574,348.37142699137246,48.11769994616394,68.13890969990383,5.170463770996571,1.0,1
227,37.128560038190926,7.009216966532697,1.004381147197911,240.94997864386175,52.03716741580092,62.67894448101086,4.037267434715388,1.0,1
228,34.844510444141385,7.173790852680836,0.9852997998371511,436.579021233904,51.550884802448266,95.09401812531354,4.793388720303954,1.0,1
229,35.569392581480066,6.7301201598453195,1.096387911679491,288.5148669592658,45.87575573435386,75.57619755915502,5.610216169589222,1.0,1
230,38.35919549786935,6.610847637298844,1.2210523001591351,491.64197520606183,44.55838936261859,81.67043857070253,5.156972960968434,1.0,1
231,35.53926673656573,7.097922627548841,0.9442508214992167,353.65685531829473,48.61113777157192,98.72263248203035,4.4134687304360645,1.0,1
232,37.43291717916395,6.510813611192484,0.8630197020420922,150.50589662580109,57.294120908971124,62.66258911656892,5.224216404290793,1.0,1
233,37.09114367980763,7.204126377857236,0.9911717951648745,370.4710248301736,40.5653575460766,85.93272029808382,5.714609790636618,1.0,1
234,35.696799304788364,6.14870819788108,1.257970933765432,230.0416061726796,39.19484840548536,62.964216902994686,2.950058721422522,1.0,1
235,41.287888178650654,7.514577818662822,0.9196325432030269,374.53087867443895,48.9885650474191,75.01875713866002,6.159074064955898,1.0,1
236,38.26783804463602,7.236298741206522,1.1639116805444067,127.8564592649623,48.305326211136105,92.15258180773787,4.663745261318928,1.0,1
237,32.94971482668478,7.128014867156938,1.1677700814076442,169.95257487038376,49.04004998622245,77.33888931022537,5.425489933240231,1.0,1
238,37.372908629538856,7.491345491972757,0.9446411758292006,442.2949035623145,49.463719187451005,99.88729415611802,6.197246923645228,1.0,1
239,35.67642707046323,7.832737222231288,1.0568983079185275,190.87182280940596,46.66078647219117,82.36237139786408,3.6283263027695343,1.0,1
240,38.70486666959245,7.507185032509065,1.1628396623128539,434.816450097176,56.939180631612494,72.84648610543815,4.290558997572454,1.0,1
241,35.4149585231346,6.079562884334178,0.9620872259012513,211.71043538176417,38.39457612914091,68.80445303619013,4.711451304124295,1.0,1
242,36.7705271170662,6.360211516632149,0.9796419639897638,357.1527640234831,43.02901785131852,74.02082137144647,4.216246478875572,1.0,1
243,38.009974557960916,6.68759071115216,0.9418319086051357,377.6602294039324,47.38047143910572,74.90133095038203,6.734936575836809,1.0,1
244,38.73151038834024,7.013045525105417,0.8985243269307133,305.0619012580212,38.140867133075,62.74854710895844,4.143227906173207,1.0,1
245,34.599407185888445,7.258829510234562,0.9350722454933993,222.1242706786925,46.94487357340757,74.78296797707092,4.444453220513133,1.0,1
246,36.3309975283181,6.637128093423267,0.8776059733237743,185.05775054843843,57.96882099436811,78.569540789569,5.204389031602977,1.0,1
247,36.05010937767809,7.093383382238539,1.0034083468259225,113.27574182497048,48.12531892977577,88.90951008955219,3.797850473923911,1.0,1
248,35.69334153485258,6.622308533823339,0.9230026768941358,221.57856049628953,49.3842054343121,86.26917938886432,4.604319288243736,1.0,1
249,40.530908480562196,6.694241098504026,1.0233785911790747,361.2651162125132,40.43901140896452,88.35062620916617,5.317453261250175,1.0,1
250,37.809963421921914,6.296669451575889,0.8444104353796372,475.32192737939306,44.30183155176314,60.334547275074286,4.667139595617488,1.0,1
251,34.47823209132991,6.538383376944548,1.0330880232214457,448.4817929052208,45.74882171805638,68.70669598322144,4.906613141100052,1.0,1
252,38.83572389410955,6.324157697191833,1.0833528961608925,406.42591061412105,46.0937094194626,86.46737153599426,4.470667887551629,1.0,1
253,41.244312394025265,6.512063373511333,0.8006264357428544,415.37893730131947,55.689862770022614,79.35957472718988,3.485529690819233,1.0,1
254,39.06493052110229,7.52682089830392,1.0374056569847572,365.9939613903981,51.346146364350744,60.212539026733836,5.321593211339239,1.0,1
255,33.961260068091974,6.525300555584028,1.1227668992473292,204.1147430264012,41.33125225837781,92.17978569727289,6.754933071647241,1.0,1
256,36.0315318542675,8.316191032418695,0.8790358981308795,462.87801228233195,49.47902867059203,90.9123829316135,5.018401630783438,1.0,1
257,39.533822298373245,7.246658950440445,1.1672572386837703,368.2929247623336,50.98933049098071,81.9367665197425,5.22526411724755,1.0,1
258,35.584661068762436,7.092418061847437,1.0419019009366046,324.17625239217597,54.8408942311276,62.65853303105089,5.6927227551168595,1.0,1
259,37.887638856292455,6.570821109909393,0.9294988144241592,144.39578768539243,57.483244119410244,90.66060198130339,3.730669503453301,1.0,1
260,38.549268106858676,7.350154939704495,0.9944230922342294,278.82221752257016,41.90943484903279,83.34854350925455,6.702514658129606,1.0,1
261,35.146139056843836,6.712181086881113,1.0558326912521723,284.14330848077054,43.13485493273797,91.27839908631836,5.202328796422802,1.0,1
262,36.8809492878764,7.061004907322681,1.0076005391412413,445.82544380906796,40.4545328465123,90.06987969583362,6.631856899089109,1.0,1
263,30.517465319861856,8.280042269134398,1.053875599244637,318.6592880751154,46.59588084535811,92.12008287831348,4.266967004476011,1.0,1
264,34.95122471733142,6.951970050137675,0.9079326406920634,252.16021958816387,50.798150246678006,80.72032265618499,6.818061922557825,1.0,1
265,36.49486369721368,7.574636663142838,1.0169360824036078,490.7201314042637,53.92400709953461,65.6129807277406,5.775155494034783,1.0,1
266,34.5044336360703,6.648411787437056,0.8586285503095019,144.28823733052627,47.54429385814486,86.84629893518755,5.553040085852358,1.0,1
267,40.26482260786327,6.982505754751519,0.98887739386513,269.0193713247778,46.08091486047093,84.81895140207882,5.234024454353148,1.0,1
268,34.13971724407873,7.885400317817755,0.909609235853521,116.80987006856212,48.91054795349244,89.69012748796348,4.75147138192555,1.0,1
269,36.11991102660603,6.686516471106116,0.9264470057410233,395.96164830677213,42.98914259021986,66.79524024202941,6.2005316584738726,1.0,1
270,37.26148115457218,7.906224278998464,1.1236093175210438,467.23062087966025,60.53723233016864,67.79900799601157,5.140359869848047,1.0,1
271,39.88254657813223,7.353875967727737,1.1091310120594269,212.01493182019578,38.35403383729165,95.61638068877315,3.0329302964128475,1.0,1
272,34.12827569764112,6.718766612052866,1.0609138120907178,443.33667071964834,49.108443473374344,89.99911193808283,3.8828135382929974,1.0,1
273,39.326327504309916,7.316203869527761,0.8907687235327421,216.8872921847591,60.141637315377835,96.32913954801292,4.814154247807252,1.0,1
274,37.020466122039174,7.486277224813365,0.9683591550305198,464.3080646575661,48.040799067359984,90.34861284655683,5.309998983165555,1.0,1
275,35.0369826979041,7.310904981108598,1.1213097699979184,401.5847614387136,46.85976578999103,83.88621223961208,4.943411511100104,1.0,1
276,37.92420694852654,6.214887640054772,1.0141716913639904,421.96271073657545,45.855327463137435,86.16530948111495,6.218970789793663,1.0,1
277,37.39811939114694,6.636431412087566,1.2319329539981694,107.2026222401818,46.917649909425556,95.5651169576004,3.048898135961375,1.0,1
278,35.79956624568241,6.876240682224248,1.0393317839394371,485.1241428296104,56.23709084805918,83.15227018047761,5.14358793650516,1.0,1
279,37.13960416998004,6.9627832854499765,1.0192049116490032,390.6683968281293,34.72882853202296,85.2956529731355,3.1820207746128455,1.0,1
280,36.22937280627648,7.310336048775339,0.9690883535797499,221.90043815445333,57.200602207777955,66.25906864014402,5.759712295484168,1.0,1
281,37.2270346905025,7.088850500466627,1.0133540904782283,431.7578659435388,39.45625708529913,78.95684880464411,4.905541285557997,1.0,1
282,38.3242613490421,6.33232782064495,0.9847530163619456,212.608479365972,46.40008602459351,88.65588447832396,5.419609972024118,1.0,1
283,40.172033632290706,7.190098925502982,1.070810867668859,449.1015358264512,45.424533478208026,70.83770793265461,4.136117039410234,1.0,1
284,34.524369002346305,7.305292872641911,1.0956702316794584,145.0321561647748,51.531319618624316,68.0901672209814,6.279464931657751,1.0,1
285,41.266066749312536,7.27989522396552,0.921401053949205,381.4743909843183,38.411253888697516,72.55307232897663,6.041724664058851,1.0,1
286,33.095824400954996,7.540390362777311,0.8668767046442222,316.27939065796414,50.77303599649166,69.66002511971334,5.583544303011887,1.0,1
287,36.69642980992883,7.416961077274452,0.8163794626896703,138.61378807817633,60.145857739721116,68.59650548145584,4.870482753136559,1.0,1
288,38.17663441296915,7.2295900396142185,1.0507991326912545,196.7575313035356,39.82095597244314,76.99403371472349,5.579857285295132,1.0,1
289,37.561983735470065,6.964917144270676,0.8896633393826127,104.96161451092591,49.138237005662376,96.31354055534136,4.293107432012651,1.0,1
290,35.754600960358815,6.1695195332420045,0.7847109407047517,287.5071861858023,44.02810693322034,80.28238586954873,5.8555556590207125,1.0,1
291,36.58375549928545,7.214809109566293,1.0388578604530965,220.50610430400013,50.55532323715821,67.51681523261293,6.649480894323921,1.0,1
292,36.01399813068233,7.103843843581555,1.249299951743279,339.34299371910356,48.11488666449451,63.078866775234964,6.070610559979186,1.0,1
293,35.82127048611158,7.135789418597687,0.9993929088460106,218.8951230834469,44.151078545734144,87.84624580551701,4.27039753019259,1.0,1
294,38.699204194042046,6.361625712089845,1.0838490774451641,219.96764460279388,50.92723370922644,75.31195057745552,5.361417317273103,1.0,1
295,37.71403097193009,6.459471729795869,1.0081829358547565,397.27727949264136,58.82608865872046,92.87323786341437,3.7068584562413522,1.0,1
296,35.61418080947869,7.526576426666452,0.9901110346808857,119.25713439134138,46.85457724963621,86.3804307456308,5.572390311175676,1.0,1
297,38.7991997508665,6.980222423071672,1.0919076482987768,461.1579980767949,52.318547652889094,91.84965802165473,5.450603412862539,1.0,1
298,37.614599041753216,7.340750348686313,0.9709725455811349,440.90554975647257,40.24036225277302,70.87784157673795,3.1301836604678357,1.0,1
299,38.62572423767792,7.01415918806523,1.0267392314071904,367.12187329056263,42.261381739091945,87.69435689844232,3.838216156087636,1.0,1
300,38.259257683847224,7.014878069747873,1.0321697806196013,337.28862804295375,50.834437667282266,70.56247938774875,4.716861103256233,1.0,1
301,35.34200997815586,7.469141902987999,0.9331909546356951,456.9209992558609,56.90469617121579,97.56273917801167,4.6991402528591735,1.0,1
302,35.87963791960606,6.741977635891313,1.0992042349536524,174.1320718114858,50.13368009271396,85.45497126133498,3.790523064581195,1.0,1
303,38.49458721024652,7.048060388470492,0.9825040243304591,131.58766487633144,46.121651816861075,72.98047200701369,5.388978729352184,1.0,1
304,38.22074053086693,6.768862355647479,0.9244254840507156,195.80406796381524,47.995748432540125,70.78047449169091,5.251473608940512,1.0,1
305,36.958196812071705,6.782751886283842,1.0536509843570403,417.8313114800761,40.497553596181696,67.63706340286573,4.805730868021481,1.0,1
306,37.23465476661757,6.84541393826568,0.9101532018208962,113.86810669059332,51.6270919581322,87.78563835574911,4.244208499841637,1.0,1
307,39.55532979157685,7.111066885816856,1.002818115736913,333.1227340333959,53.293998373940454,68.74862451991709,6.048707126416564,1.0,1
308,35.81685722232834,6.760625689168261,0.9990881003355796,498.17500647652395,45.28745800300152,83.81213063709956,6.6554071130882955,1.0,1
309,38.094194762340074,7.627878062786761,1.1085895565831578,442.27843753501577,45.17974711344299,70.5854010770143,4.516438516153463,1.0,1
310,36.59561469513221,6.552696348890248,1.0474698232879953,308.5782756174358,49.59526937791229,86.47875779175475,4.387833082845179,1.0,1
311,36.56463759354556,6.9065641779193205,0.9974973041254857,125.45636371465693,45.37968158375643,92.59758914162157,5.491207665411996,1.0,1
312,39.19755370397438,6.7801344708629125,1.0817766299200287,432.54940575428395,47.60320431224507,91.12100972578612,4.641970620253014,1.0,1
313,38.65083269797606,7.723488942176866,1.1390207549017313,339.59140327088426,60.598330734999095,90.43405323723127,4.860602799336766,1.0,1
314,38.62701927200128,7.098277388255787,1.0557810306351862,145.97319882382675,46.51784579552402,67.50889622769009,5.739653151724672,1.0,1
315,39.61095761430866,7.515922269734317,1.0010352619843381,137.5429139293425,45.84995908787267,63.535397879380746,3.090643912492707,1.0,1
316,37.04200768326552,6.257219813481514,0.868816376764984,463.85072777463694,44.11474916618904,87.95795313949543,6.318302324852669,1.0,1
317,38.36390594258993,7.133525132934629,0.8934886336924628,367.68010517523135,52.46515182899962,74.73388855177406,5.072680524329341,1.0,1
318,36.37946648681309,7.444815397811719,0.9694775295645333,431.7147197267022,46.912654960691384,77.2938490561339,4.58850685543782,1.0,1
319,37.64833270497689,7.041141994637712,0.9390487797840716,451.5915601129069,44.10376177007144,61.24596371173564,4.910765845778551,1.0,1
320,36.73971389126463,7.532740187532676,0.9813028697014554,328.70894081932886,55.927824193638074,70.38305797100196,4.962429355020519,1.0,1
321,37.19399192998544,6.741355774949814,1.0056649924897108,306.9785407020165,56.517618027081824,61.34705615497856,3.2687986965550744,1.0,1
322,38.19031405087383,7.70467372009279,1.052969275435673,272.17096412839607,44.39745860556777,95.16743090404991,6.494938227453236,1.0,1
323,35.36355863353305,8.149449061809625,0.9929501221940908,226.77863511644773,36.800760291836305,69.73586732874122,5.041325632270619,1.0,1
324,41.18477455137092,6.81858071978017,1.0486501643826203,273.8383843434847,54.04508213902153,82.29348678292033,5.4430021304473755,1.0,1
325,34.987965237000594,6.777248739299614,1.006447441481012,409.55186229206254,43.892221045439975,61.55917282644522,5.951549770574043,1.0,1
326,34.57162277442453,7.726692238558851,0.8024533433646128,340.76937240605264,52.74375359497661,86.67389565222632,3.9788375424397,1.0,1
327,39.316221747000135,7.789786072865356,0.9060664606181246,457.0093159819384,36.17937709372899,72.92109383016376,5.4734718990352285,1.0,1
328,38.583325387925875,6.738569986423366,0.9855912444278384,277.35200575167505,53.35558402979586,95.91676747830664,4.732358909101206,1.0,1
329,38.24823963410431,6.7899065914520715,0.8790305257158892,342.8358314875016,40.73296842431532,95.52472755736143,5.846770775216494,1.0,1
330,38.25669101852856,6.8591076955697465,1.0599928729996204,352.5230212367955,52.384584714399146,73.0116247344699,2.8727725796485046,1.0,1
331,36.97550645430617,6.327774744482862,1.1530750832343697,336.67886492253024,48.08563840701861,96.03843582761871,4.900905699758731,1.0,1
332,35.205491257028335,6.540674026757901,1.1218761851697316,381.05350923420656,42.27636348362013,99.84630693995115,4.397179344216038,1.0,1
333,37.151609116387455,6.497929616623966,0.9786557129069792,194.97338734992252,45.55778212243932,93.01662656495793,5.432262950634155,1.0,1
334,35.645676576975774,6.616101217447936,1.1490726136849951,304.94551101831627,52.117910741740204,93.79485391020916,5.470044187368202,1.0,1
335,38.950239466835505,6.982657556306609,1.0148667457202112,141.68992112333908,48.63536671869141,69.9603494443636,4.292374105177974,1.0,1
336,36.70588523699572,7.11710736626826,0.966291402888196,253.80453105792503,51.50647788283491,83.06809595431025,4.287826135823956,1.0,1
337,35.34900560641498,7.7752502464070385,0.938659733645906,295.06682744850576,59.858643507092914,62.690236558694714,4.88933463144267,1.0,1
338,36.35722831669401,6.5008229796306045,0.9697530313511872,360.889703818189,38.61455032973369,63.79671747286679,4.103357772684792,1.0,1
339,37.82586290855125,7.492161199238292,0.9611823181458772,480.2124210344814,57.70327544981174,99.95570448133162,5.841983695452127,1.0,1
340,35.87255089439205,6.893005577887245,1.0170416222375487,340.26042661934235,48.62613562513928,73.06556997703643,4.6307927995525535,1.0,1
341,35.355559208867135,6.975268145173784,1.0160573981049865,397.4375664706239,42.60729571006123,89.92735648195385,2.0930117806783586,1.0,1
342,37.48737442298383,7.337409746083302,1.0003046020153414,302.5064237980811,40.01811824556606,92.26660212107265,4.625177943378194,1.0,1
343,37.489933142217446,6.438638989218851,1.043693816974635,353.6416125505325,46.8652776553378,94.32093084028917,3.961456179156028,1.0,1
344,35.98611364925774,7.191204873092025,1.1190646274786342,128.37288645350938,53.529900671546756,99.90513189608626,3.3687241845390545,1.0,1
345,36.057923388763356,7.083226104106528,1.0949554135441324,201.7566323367388,47.2347052777348,69.65985941027472,3.7625733617774273,1.0,1
346,37.464099874715274,7.246225632004075,0.8515102031550097,244.74123728205547,57.06692958148409,61.61403307438799,5.10940847183297,1.0,1
347,34.10383131700535,7.144584321953909,0.7446078865098045,288.9973420026054,39.29294585969065,76.44766071978344,6.328640828248231,1.0,1
348,34.18507245124689,8.227650069955446,1.0934319911239274,118.25949820095349,47.92746631292367,65.20322679315788,5.31318447386498,1.0,1
349,35.56311155749513,6.681130007874342,0.8633121301584579,156.00963902132708,40.485639333521284,60.8970355664822,4.39349661178426,1.0,1
350,36.573105696576306,6.734501522499091,0.9775234598107316,210.72572311652232,50.181791295749804,74.41707308565944,5.455904195170703,1.0,1
351,37.62181513119601,6.688429736787618,0.882988697394064,488.6130763604203,53.3213243405838,91.34953004300945,4.540909689781008,1.0,1
352,39.950712433899106,6.722261440419873,0.819801956241998,232.5388028412203,45.47542923791368,82.64722764900284,4.305399630836855,1.0,1
353,38.715319246404036,6.681306436346741,1.054146272820479,292.816423244833,32.37471686023719,72.51111956841416,3.8456373317670156,1.0,1
354,36.68012294007315,7.594508265553776,1.0759155160302647,178.43908509535717,49.193688880778964,86.17368021970879,3.2481711932482806,1.0,1
355,36.961967584194625,7.710252123994928,0.942348959927328,344.3120284303073,50.62043131040106,69.28072721235243,4.610076293440555,1.0,1
356,34.99494127072438,6.714626853125262,0.7408957707855091,212.27328620638974,50.42576852977019,60.5752578428834,5.158053489920132,1.0,1
357,36.96297372801522,6.583822213447886,0.9453755551747517,182.7970313753707,55.414693150932926,90.57413545745709,4.90337632998511,1.0,1
358,36.42268272215972,7.235707778193202,1.0391804005402547,306.62905137839164,41.57367792210571,84.94972339456037,4.584033072052641,1.0,1
359,37.64543712067618,6.723888477859514,0.8521088431225872,102.20231966416833,52.081296632702696,90.49210498003839,4.054253939303219,1.0,1
360,35.345538112895355,7.316465908877755,1.0183359919779156,103.06561305969014,55.15504507486785,61.55752066750662,5.608246191684969,1.0,1
361,38.03869302848234,7.10146151042565,0.9984690150827005,187.6275236407431,37.3284744959609,93.48478511322608,3.682868080053415,1.0,1
362,40.06547782600516,6.242127942501384,1.057929149960109,114.68854500032846,49.91791095551386,84.78104800145213,5.776027913843476,1.0,1
363,36.78247970308629,7.773752600665031,1.0119580368414154,143.21030165227654,44.974921013953974,82.5358140285056,3.997782981073275,1.0,1
364,37.80342344419788,7.897938836547761,0.9026931059118445,235.54425973550065,47.51086396139012,84.98456192458127,4.247564762646965,1.0,1
365,38.38028798342223,6.693605654757807,1.1196571501664492,421.03427183192514,50.08605890123002,94.57732987473457,3.533214809384323,1.0,1
366,36.19755905622833,6.806149220032008,0.984147042697303,328.81945734772034,45.07662861531868,83.47746026235629,4.498597853114363,1.0,1
367,37.44818496362083,7.142932695362452,0.9972695460490069,305.06709038256656,43.94575152503033,83.23801519552717,5.975312458477979,1.0,1
368,37.02518480156359,7.167228394993512,0.9066732040926804,217.39552928324866,48.20491450492815,99.62716628263064,5.515628088443957,1.0,1
369,37.19535219709766,7.3292721363364155,0.955671774880849,472.70148777312653,41.476524366823185,90.26920668274272,5.978422112028035,1.0,1
370,35.453980432289065,8.005102269383174,0.9115197285973099,258.80601649487664,41.485049226688886,77.69175221804541,5.522142545933936,1.0,1
371,37.049020348517885,6.911526386252976,0.9827053940076577,134.8371067183086,52.07623969773902,88.2958800013171,3.896330171469631,1.0,1
372,37.995996582490896,6.600851377730773,1.1711708480142344,346.8266064471205,41.10723578904806,75.56921886767154,4.669210775672442,1.0,1
373,39.902287215590086,6.3103403859927365,0.8628098857068643,145.53535739064057,51.99787500545527,69.15501849933996,4.219800870882537,1.0,1
374,38.91854165217041,6.6345349800290405,0.8386438602123258,238.08925712067685,50.775547757123704,83.87407507551038,6.33057490403904,1.0,1
375,41.30636491502311,6.983436513563102,1.147117032749361,302.9647754871236,37.64515962725642,97.12728392455806,3.8032113535736887,1.0,1
376,35.465304874223904,7.897278931758894,0.9790676322848134,449.68900987407034,43.93461208598607,97.1655808006185,5.893697689389111,1.0,1
377,38.74464127344136,6.741194350481914,0.9330927261340083,297.41863213604745,55.16465641828424,73.6762111242196,5.892953870108769,1.0,1
378,37.36668401147671,7.1118939758194495,1.1039904687396076,380.9035064126657,42.11300681316191,81.1070986488678,6.829620201716088,1.0,1
379,41.37960586643534,6.991788551963624,0.9394384460263135,497.12673559962815,45.21357442614367,68.46543594279444,4.590313407370503,1.0,1
380,35.3834034292897,7.594196636724042,1.1826009713546937,152.59564795919266,50.772365359511376,99.82524437995534,5.712322159580162,1.0,1
381,35.32055631563845,8.26346621293681,1.0677925871339269,209.89261020780782,52.70034305569557,99.24471631471744,7.281651836538843,1.0,1
382,35.80121470911195,6.734565613539839,0.9512088591854297,257.83043023905856,46.49076668373303,85.98035718829789,4.3823583230663035,1.0,1
383,32.752208551380384,6.755280278740889,1.2157308213265503,268.73127141553255,44.41493883185015,92.17656238709893,3.4649597524676405,1.0,1
384,35.948489956638475,7.522080438534536,0.9394285076996661,264.4084301062183,56.534219170191044,88.604006451348,3.1199899660922363,1.0,1
385,35.48173467689261,7.340945744813156,1.0742095372009306,463.04440102262197,58.43339798278547,83.72632876157873,5.712712028861331,1.0,1
386,37.300787572952416,7.923353662868017,1.0299292580406492,385.61305778674256,53.87314830469077,62.133919879555904,3.116849791941416,1.0,1
387,37.683511951554316,7.291964092662982,1.13017412893988,343.1620856362815,48.511908855390146,78.19057370210643,4.627680947062077,1.0,1
388,40.752341678431776,6.82035395460647,1.1561511196726852,223.74908714511284,43.15040567015444,86.99145208669643,5.437313187038961,1.0,1
389,38.9008476763721,7.295327415346154,1.0032004149065767,429.5161536885179,43.01733356066061,87.10126455534738,5.185175536829914,1.0,1
390,35.846192688675195,7.554351790291454,0.9246582129653816,482.0242045939956,51.135084631594545,74.92490473689534,5.425444864184172,1.0,1
391,35.20317065730328,7.410241090598682,1.0459972142939116,428.4793130200906,50.5103893253321,97.66767946632123,5.222289855800854,1.0,1
392,37.98383834301301,7.2536370155536485,0.9322284630247893,100.62604207658916,56.409591557678574,66.69428128947123,6.278865813313393,1.0,1
393,34.359533585958715,7.533337344794577,1.2013387247526623,354.56054807336284,51.90270055521683,80.01437784862242,4.047683619261203,1.0,1
394,40.66291753170871,7.584647795222836,1.0136535331082737,120.45415257684029,38.98151818944109,87.6353590620329,4.3230048615414685,1.0,1
395,39.35888024144258,7.691079495518764,0.9634678448687891,203.04288813348876,54.311685706337514,87.88543223567237,4.227340554729176,1.0,1
396,36.06164869579059,7.324354943794821,1.0184680305864908,123.80988013910867,42.011636236113524,85.94555827075263,5.83019181186261,1.0,1
397,33.57373094181825,6.916440959841573,0.8652873710470304,341.51818117975506,45.69617236828589,71.0115285380744,5.900398588395063,1.0,1
398,39.707744748330825,7.073356843216661,0.9028385961489348,374.6359653970427,49.501201237510166,66.24826274746488,5.4512253193185085,1.0,1
399,36.77092030949476,7.603254483254179,1.1200413907944426,145.79505522636205,59.974004938703786,85.43761307306843,6.183493666889928,1.0,1
400,39.47563262394692,6.591532164506382,0.9343105721028604,253.5355532179918,66.65951133603217,83.97208464557751,3.8219591326236193,1.0,1
401,33.81114468241127,7.184336654436451,0.895308901731806,282.49460358221677,51.640338354817096,67.17424041156964,6.667224111551137,1.0,1
402,35.801249954092455,6.8033305938363196,1.0536652752527287,247.62120870436664,46.900820287677675,88.20556582282254,6.523238621712258,1.0,1
403,37.010487399436364,7.014372411467408,1.1185704154662997,148.4100001940772,51.2070338908833,78.20687966934625,5.7356219972457465,1.0,1
404,37.09396118752949,7.639225931303649,1.0718953310665067,267.57911607499017,53.325932555243014,86.71042366412613,6.78179890877106,1.0,1
405,36.09986905704151,7.095549534009952,1.0996047685805816,400.47121912336723,46.07599424665685,93.49468319080603,3.343376792322226,1.0,1
406,38.245699864695,7.023218274078074,0.9243204911430539,128.4030658133022,58.77126813547393,66.78913714307693,4.475551863737348,1.0,1
407,34.86475914123481,6.32007192951004,0.8578189333258156,132.07200563276137,49.380424555148416,60.76579471987347,4.264696539318048,1.0,1
408,36.71524102995741,7.3731267830136105,1.1501333651955488,241.9085167343937,50.98645853454836,91.16410345583148,5.721479323757343,1.0,1
409,37.240591263423795,7.322742090570538,0.9677320161157864,476.69028464757,51.99554551232677,84.38789700610464,3.9498592603978544,1.0,1
410,38.028877668117495,8.08162736165273,0.9749166983544952,367.42905868916563,50.529519663686735,87.98558278488487,5.757495149337485,1.0,1
411,38.42322975617778,6.8461108825235,1.1328194141849057,371.4679826690259,53.03364300281767,93.5261989995457,6.370536143996714,1.0,1
412,34.75071581632426,7.10957516383197,1.055623000940066,244.767996335146,44.29648088071846,92.11243739298001,5.695202900083999,1.0,1
413,33.93177165852875,7.124691841855378,1.0455887772081607,337.46431648341536,44.65018947632382,98.43680587715298,5.283751023661501,1.0,1
414,39.55535364379702,7.788726639881737,1.2165002344901084,104.05247361109735,41.39907460216983,81.43740315408473,4.012126659099251,1.0,1
415,37.66462802395918,6.952352233806524,0.9356481769619857,354.43841856381687,50.63700738372136,79.53982530639621,4.1531490338746355,1.0,1
416,35.50302692688689,7.13951076288517,1.0927840128081237,465.3147790304947,52.67361902107268,76.0754879956292,6.249618905296667,1.0,1
417,40.102303951045045,7.30394825485827,1.0057013124897085,345.0293873379277,50.746637196911315,66.14764171376818,5.779349003905333,1.0,1
418,37.23134926858572,7.093304561578179,1.0268592278863258,449.479437386538,58.04695460008522,82.90428931528089,4.960980480622456,1.0,1
419,39.358594368127655,6.776783192724736,1.1528468426412533,389.5892221864375,47.96642388702572,71.08050097303915,4.582090454234109,1.0,1
420,37.135036962820216,7.097044996449154,1.0507835756289623,148.2233665614761,52.012449933555075,96.85230048851902,2.974192126888623,1.0,1
421,41.121495849763974,7.536815874929886,1.0538296079049634,460.9813229143367,41.44979474316411,83.3276321710839,3.9291475813155614,1.0,1
422,40.51068168488641,6.48674235029447,1.1072507337309803,126.57753774230996,45.67740178515359,83.7136072203244,6.911419087139723,1.0,1
423,36.50207170304185,7.066484837073438,0.9635047270457114,313.58698901910554,52.17322654539466,74.1969864350804,3.7195444289975335,1.0,1
424,38.94314190190871,6.649939592530413,0.9160790332660993,156.85484951738306,53.094612664458865,62.0795740791083,5.189479821221081,1.0,1
425,38.290751899170296,7.597523314462421,0.8955190805978966,104.68264429236163,46.236198314014906,61.269750614919545,6.0074439731951985,1.0,1
426,39.7372631150647,6.238406547608113,0.8033643410623998,268.8137040510556,47.5704044888516,76.9334057661279,3.7450773319977078,1.0,1
427,35.070153078839795,6.720539076364206,1.2056207129940322,218.01628306166248,38.89275751991514,63.382615123889515,5.184710474781084,1.0,1
428,38.37210291999688,7.188605937532261,0.8896791634278317,294.40019751904117,45.85782479516034,84.27387822160557,5.937915537510655,1.0,1
429,39.11684897369918,7.7827620146171705,0.9778746376414228,330.8799546938203,53.34229898111872,95.2389202255863,5.01249932190725,1.0,1
430,33.48252102715377,6.967124869463506,0.9723186700111079,117.49562892357895,51.4512300966394,95.31659266074888,7.868403055666768,1.0,1
431,34.63348297466845,6.722400236653401,1.03074066978091,149.20131804949824,51.003994328287256,86.36181640528929,3.3314007411218047,1.0,1
432,32.921535644479796,7.940578534720295,1.0815737212539296,323.4569585801702,48.29864212308576,68.44927325891724,6.058728529883879,1.0,1
433,36.46118633111089,6.275993049791878,1.0860473488359745,237.2669412690633,48.04237895176906,94.51987325435488,4.8271982626035355,1.0,1
434,38.435084511591924,5.9005970216899595,0.9416922561431061,391.6693950197792,44.03807316315932,95.44373741252832,5.771920154836675,1.0,1
435,40.004714104192054,7.2200072250266665,0.9832878286213589,360.9166594367759,52.19297052121521,67.86614339811835,5.441307151699246,1.0,1
436,37.14818956083955,6.748972887823695,1.02825799504883,438.2417451959627,50.525837666336336,89.49704343082709,4.266843802890003,1.0,1
437,40.257231091142586,6.489383591434644,0.9751308873816453,376.9971306676901,50.952113087956796,71.46078195708492,5.22899639245934,1.0,1
438,34.23979708357022,7.354178223649677,1.1607345576019994,271.97243095605927,44.84379094399452,92.1056124941172,3.142098548601713,1.0,1
439,33.59323512128969,7.121900356885599,1.0490974951638252,369.18664895777295,35.07994248077253,99.8895159961441,5.603247500571394,1.0,1
440,36.888904602206765,6.7179606846316355,1.0734877786049817,210.15246970216742,54.582916270522176,61.201040213175716,5.298158465990525,1.0,1
441,37.76813089787861,6.359847800664553,1.0662881268667412,222.52539951128506,45.126975263949575,95.89463463163727,5.638660168643103,1.0,1
442,36.93461050381181,7.4362286641400726,1.1173473857485325,415.5940639683173,42.82334541574127,84.90522134394632,6.05811832508715,1.0,1
443,32.86511579992025,7.32510058897933,1.0181021558703707,278.5678065606329,52.16087347148396,98.93530476659285,5.367619840209711,1.0,1
444,36.82175992097442,6.9504120681103085,0.8703168052044153,419.352136207341,45.647924160485225,78.6003807010571,5.148089419798276,1.0,1
445,34.39106099899029,7.923318498023833,1.039968795175264,428.96894946731135,54.359618304279735,93.89551722285495,4.118931663338707,1.0,1
446,38.33934509766008,6.464957616836924,0.9348643106208171,443.0249350645135,51.70203569746018,62.49576274393109,4.287779236350949,1.0,1
447,37.7331964921937,6.23723741453763,0.9471383318250243,466.6540943364829,52.101415939202866,73.41116200313184,6.186734620177331,1.0,1
448,35.12024042734529,6.654045965059378,1.0586364018755092,272.3940882053185,39.80426573279679,62.680661510048395,6.436335405705979,1.0,1
449,35.972266165326616,6.977206991822251,1.1238283071433637,227.54672732845552,55.2716639123184,99.01372533916282,4.761889563687946,1.0,1
450,34.881572956222094,7.121669724661346,1.0021271576736062,332.87949863764555,49.56750318740313,92.67895629087347,5.046002747253274,1.0,1
451,36.874641805453656,6.879381971071835,1.0308833012598964,248.46896937505102,45.78433716452278,94.10189684983882,4.095385625006234,1.0,1
452,38.91028464100248,7.1760276982571485,1.1702214944635239,340.4296667200932,48.860330804053504,97.51860925735576,6.172756845267445,1.0,1
453,35.028547907328914,6.374230287904778,1.0240753179488569,382.2343450575298,37.34258860261008,63.40413944479141,5.665416823691778,1.0,1
454,38.00809303103569,7.721882302036629,1.2601683114180395,375.3620073968547,50.45191686888403,75.42390370053333,6.941217436463749,1.0,1
455,35.939484763255116,6.958924410803716,1.0565509645631543,249.82115480804853,41.82377095090757,62.84139556176009,4.121676922820261,1.0,1
456,35.41425433547531,7.558647915794063,0.8239237240844182,166.7440806795011,39.88397828493879,68.43172406200114,4.621992100981783,1.0,1
457,36.785939280090886,7.1713626731888525,1.0753341621104533,272.211735384883,38.865844882692656,69.1746310815069,5.231445922525572,1.0,1
458,34.92951535516125,7.228376609576892,1.0381158384882778,157.0376576327635,54.676130249939554,78.76428844190315,5.6464895377257704,1.0,1
459,35.892701389305635,7.284883640116102,1.1289752754082745,456.0388140735233,44.22441963784327,70.74248669814571,4.784332362452368,1.0,1
460,34.6042442148223,7.223854280008657,1.0673181351269958,238.35098429514295,57.202366259498994,64.03912427271044,4.127038909546299,1.0,1
461,40.92945026583278,7.321361379933772,0.9861544016016226,161.78389888932952,44.78519122168621,66.69964356376431,5.881407528923571,1.0,1
462,37.070527103943455,7.6645762650662155,0.8775701763710634,110.17910396230035,37.75585225444232,65.89102254208363,5.721135362545581,1.0,1
463,35.60054898401483,7.098260584850735,0.9790976742713975,358.3289545145937,41.30085336030805,98.92307191649193,4.083725899436275,1.0,1
464,37.42795982146844,7.354501878794256,0.91494795457907,354.7609269818973,55.41486972004163,90.37170027673895,6.355442801105496,1.0,1
465,36.77534390061834,6.955132152856387,0.9419476550195277,236.24166663251665,47.06461093237999,98.71045861078248,6.170198709196604,1.0,1
466,36.55806080093355,7.720058607724736,1.058857840442061,128.6847555390604,44.7102762210564,77.58961946031634,5.134296497247793,1.0,1
467,38.22833340008685,6.661803848970365,1.1669904504351407,263.8515579580928,48.96010935511673,71.13473926650626,5.079597862376036,1.0,1
468,38.51501542009461,7.900470216455408,1.039467152982298,224.48699802535742,51.01069641700527,91.93172788836748,5.554057771115907,1.0,1
469,35.93899770477894,6.979921024677829,0.8804116937964815,370.8482558940037,54.70439289541476,73.05015672164588,4.138296929743742,1.0,1
470,35.84836351871064,6.284612448940976,1.044460266822014,342.31169978107613,56.69099537935756,71.97533494821393,5.030031479164082,1.0,1
471,36.449896605696715,7.064052207455394,1.1196631486645652,245.837491279016,45.84138812526548,69.30023968831324,2.8476164553908196,1.0,1
472,32.39615767052883,6.659474171262559,0.9390217095680617,187.15702170199603,40.04371388350777,65.18715912896941,5.8764556455029355,1.0,1
473,33.96961787560289,7.420321774494362,0.9865982833327083,495.21438646223675,45.519209033260346,70.25852244067065,3.438506777558141,1.0,1
474,39.73374853488905,6.673688010348805,1.0014688194729198,281.6006484784459,49.56168303949732,74.21278993895551,6.503419828428999,1.0,1
475,40.28993542700257,6.77690828339261,0.9215101686917759,375.30969431209485,42.21744644273633,86.95976832582922,4.669879906033549,1.0,1
476,36.50192792088724,6.055229634527235,1.064828043384386,156.2211870313443,42.25709451062974,62.50259368877806,4.7883330180688235,1.0,1
477,38.15311392611153,6.7738468403754615,0.9879051851392219,294.2358798637591,50.06272728929931,68.42027758661372,4.372266093915495,1.0,1
478,37.62250030908707,5.788060336685522,1.0419532443907027,111.0146879477862,47.708085890577294,92.36094561166706,4.711961126077924,1.0,1
479,43.15776161691048,6.208048588257139,0.91125078221979,302.18204716417995,48.196781972469516,65.87687694335084,6.418531345148036,1.0,1
480,39.23914982286915,7.3802073280721485,0.956254169967659,485.6069628470809,43.44902799179958,73.70580586090087,2.5121913434649206,1.0,1
481,36.74416481703847,7.3929000793254165,1.072238135782777,253.6826851943201,46.61759571476539,94.5863568743256,6.276965386088188,1.0,1
482,35.08891911879915,7.2127287808924825,0.9627166847908233,115.59840502996464,42.454601134390174,66.19701244573771,5.338023481101708,1.0,1
483,33.78710735948486,6.516511928435394,1.1726963851233405,112.38231636773742,53.34119046674872,63.3094734247276,3.7929783521427844,1.0,1
484,37.406927271734446,6.97614432192901,0.9600363814385398,255.19470397874778,54.211496008342515,79.38151980320043,3.924687606950762,1.0,1
485,35.48729850943139,6.998198730454716,1.0224684725751887,164.00997458527763,36.922872826571435,72.09678045114146,6.676393027208203,1.0,1
486,34.155492580804655,6.420817655403729,1.093259083187309,109.34083853127436,42.42293483884554,82.53633457935416,4.054493120057269,1.0,1
487,35.706854231514946,7.751699150883575,0.8581634267066969,402.48544558007075,39.02082446945953,92.15219561933901,3.8466494894040406,1.0,1
488,34.83690399277121,7.438681145287836,0.8239191188019224,283.40920355275625,44.09985639355861,65.48593952610973,6.137314542364729,1.0,1
489,40.37428327014513,6.889517913085168,0.8474343685429905,215.6979087890618,47.49937218125783,83.2279633821714,5.338552876285914,1.0,1
490,38.7632795138989,7.013442919497265,1.1262584103427182,460.0332732065923,39.30212868180882,80.22035041559455,4.062074423463601,1.0,1
491,36.98405471736677,7.104191403973776,0.9448141854107553,146.45558408021026,42.46884112124812,65.76315144052798,5.216624975404619,1.0,1
492,39.95988827778005,5.979132565787855,1.2558199285668252,482.3675315821277,41.976255767511006,84.9599394211593,3.9742473163597225,1.0,1
493,37.154736615295235,6.876411308739701,0.9435752401342612,225.58668695094113,49.243603976393665,70.94561671443087,6.100821398422605,1.0,1
494,35.27743159734347,6.659007876001101,1.0184551303197038,455.3614689234725,48.4160660222175,79.51337274176049,6.0613709648731335,1.0,1
495,40.04624815453931,6.499189995052542,1.1542109952567876,341.17715059178465,43.66957467997648,63.29089297108248,5.532006198821943,1.0,1
496,38.07782008736932,6.859449853557023,1.2006092888159123,430.68294389659496,49.06092523283639,78.38336228854493,5.361661061247016,1.0,1
497,34.925507691347086,7.898843263424761,1.2061503576636399,493.6052652841857,44.71991949247641,72.25853872171281,6.761188124867374,1.0,1
498,36.61932264383278,7.320421430633505,1.1208366230593143,215.3621751274983,46.37006933804368,92.89524844741418,4.9996863273882255,1.0,1
499,35.248763493230484,6.714410505108601,1.1024062525811462,484.4541941630372,58.04071254179122,62.27914907989473,3.8181258745791986,1.0,1
500,34.23440053807133,7.2862913906780795,1.0592526949201182,255.79275796096815,56.04276631074209,76.7442909967332,5.449473912832307,1.0,1
