protein_id,molecular_weight,hydrophobicity,charge,helix_fraction,sheet_fraction,loop_fraction,length,solubility
PROT_0001,54967.1,0.584,-0.84,0.071,0.108,0.509,371,0.439
PROT_0002,48617.4,0.283,0.73,0.012,0.339,0.905,382,0.549
PROT_0003,56476.9,-0.576,6.03,0.957,0.803,0.604,94,1.387
PROT_0004,65230.3,1.946,-4.08,0.738,0.572,0.546,384,-0.311
PROT_0005,47658.5,0.423,1.84,0.353,0.513,0.528,69,0.597
PROT_0006,47658.6,-1.051,-1.97,0.297,0.293,0.52,497,0.702
PROT_0007,65792.1,-1.593,0.14,0.35,0.932,0.739,270,0.991
PROT_0008,57674.3,-1.389,6.39,0.775,0.397,0.511,172,1.88
PROT_0009,45305.3,-1.016,0.96,0.661,0.087,0.621,283,1.126
PROT_0010,55425.6,-1.357,0.23,0.185,0.617,0.919,270,0.97
PROT_0011,45365.8,-1.254,-6.8,0.174,0.114,0.762,372,0.404
PROT_0012,45342.7,-0.86,3.73,0.098,0.345,0.641,388,1.158
PROT_0013,52419.6,-1.307,3.23,0.66,0.507,0.876,52,1.457
PROT_0014,30867.2,1.587,10.82,0.764,0.874,0.68,231,1.263
PROT_0015,32750.8,-1.679,-1.54,0.265,0.494,0.667,255,0.942
PROT_0016,44377.1,0.098,1.1,0.021,0.702,0.919,369,0.577
PROT_0017,39871.7,-0.358,1.25,0.082,0.993,0.717,89,0.758
PROT_0018,53142.5,1.93,7.89,0.968,0.131,0.614,108,0.921
PROT_0019,40919.8,-1.552,-0.48,0.295,0.275,0.751,488,0.91
PROT_0020,35877.0,-0.409,1.4,0.769,0.395,0.994,111,0.876
PROT_0021,64656.5,1.878,3.04,0.625,0.422,0.995,181,0.344
PROT_0022,47742.2,1.462,0.93,0.382,0.411,0.821,109,0.254
PROT_0023,50675.3,1.268,-2.23,0.206,0.908,0.537,421,-0.065
PROT_0024,35752.5,-0.968,0.97,0.121,0.714,0.886,380,1.029
PROT_0025,44556.2,-1.316,5.37,0.615,0.608,0.683,171,1.64
PROT_0026,51109.2,0.675,-5.13,0.775,0.309,0.889,156,-0.08
PROT_0027,38490.1,1.718,0.66,0.644,0.824,0.839,145,0.318
PROT_0028,53757.0,0.227,-3.5,0.53,0.955,0.576,396,0.375
PROT_0029,43993.6,0.286,5.98,0.042,0.821,0.636,463,0.816
PROT_0030,47083.1,-0.88,-7.62,0.968,0.002,0.952,284,0.289
PROT_0031,43982.9,1.078,-2.79,0.799,0.636,0.786,435,-0.012
PROT_0032,68522.8,-1.252,1.89,0.293,0.051,0.985,111,1.203
PROT_0033,49865.0,-0.705,7.83,0.98,0.258,0.76,305,1.814
PROT_0034,39422.9,-0.298,-0.33,0.602,0.06,0.669,98,0.589
PROT_0035,58225.4,0.03,-2.78,0.582,0.604,0.941,442,0.144
PROT_0036,37791.6,-1.03,9.41,0.748,0.687,0.856,397,1.983
PROT_0037,52088.6,-1.541,-7.24,0.812,0.114,0.801,208,0.414
PROT_0038,30403.3,0.442,-10.99,0.656,0.384,0.54,173,-0.767
PROT_0039,36718.1,-0.845,2.2,0.128,0.456,0.503,366,1.252
PROT_0040,51968.6,0.325,-2.51,0.338,0.369,0.978,256,0.282
PROT_0041,57384.7,-1.383,-5.11,0.928,0.121,0.619,97,0.657
PROT_0042,51713.7,-0.075,3.54,0.225,0.419,0.814,458,1.058
PROT_0043,48843.5,0.13,1.22,0.372,0.751,0.804,469,0.599
PROT_0044,46989.0,-1.793,-2.82,0.432,0.071,0.623,185,0.855
PROT_0045,35214.8,-0.654,-6.4,0.439,0.08,0.541,250,0.012
PROT_0046,42801.6,-1.462,4.36,0.613,0.355,0.525,299,1.436
PROT_0047,45393.6,-1.747,3.25,0.943,0.942,0.711,363,1.576
PROT_0048,60571.2,1.96,-0.5,0.241,0.669,0.821,406,-0.256
PROT_0049,53436.2,-0.711,9.23,0.122,0.679,0.606,417,1.597
PROT_0050,32369.6,1.239,-5.35,0.197,0.362,0.874,478,-0.46
PROT_0051,53240.8,-0.981,-7.63,0.887,0.594,0.718,367,0.223
PROT_0052,46149.2,0.726,-3.46,0.646,0.01,0.821,344,0.123
PROT_0053,43230.8,1.041,-0.23,0.286,0.636,0.672,363,0.296
PROT_0054,56116.8,0.383,1.22,0.816,0.913,0.88,258,0.77
PROT_0055,60310.0,-0.114,-1.21,0.861,0.613,0.904,404,0.723
PROT_0056,59312.8,-0.353,1.76,0.847,0.874,0.541,260,1.012
PROT_0057,41607.8,-0.605,-6.26,0.919,0.724,0.949,241,0.428
PROT_0058,46907.9,1.718,7.22,0.252,0.121,0.747,93,0.769
PROT_0059,53312.6,1.322,-0.41,0.755,0.902,0.89,78,0.196
PROT_0060,59755.5,1.86,5.59,0.461,0.066,0.981,108,0.654
PROT_0061,45208.3,-1.503,1.71,0.842,0.534,0.982,120,1.269
PROT_0062,48143.4,0.923,2.28,0.728,0.142,0.912,141,0.782
PROT_0063,38936.7,1.753,2.85,0.776,0.012,0.567,314,0.527
PROT_0064,38037.9,-1.275,2.24,0.656,0.422,0.859,432,1.313
PROT_0065,58125.3,-1.734,3.21,0.177,0.295,0.525,269,1.39
PROT_0066,63562.4,0.964,6.65,0.545,0.486,0.709,439,0.944
PROT_0067,49279.9,0.298,0.98,0.985,0.577,0.782,462,0.776
PROT_0068,60035.3,1.367,3.55,0.937,0.044,0.71,491,0.52
PROT_0069,53616.4,-1.441,-0.45,0.043,0.123,0.742,450,1.049
PROT_0070,43548.8,1.181,7.2,0.165,0.559,0.621,449,0.881
PROT_0071,53614.0,-1.193,-3.38,0.132,0.343,0.859,264,0.577
PROT_0072,65380.4,-1.345,9.0,0.726,0.729,0.823,436,1.858
PROT_0073,49641.7,-1.343,-0.2,0.818,0.652,0.553,326,1.119
PROT_0074,65646.4,1.258,-7.15,0.214,0.846,0.527,113,-0.595
PROT_0075,23802.5,0.661,0.64,0.506,0.692,0.554,395,0.532
PROT_0076,58219.0,0.092,-3.41,0.841,0.43,0.79,341,0.375
PROT_0077,50870.5,-0.565,4.2,0.733,0.673,0.61,294,1.171
PROT_0078,47009.9,1.509,-3.26,0.542,0.275,0.762,111,-0.283
PROT_0079,50917.6,-0.43,-2.23,0.59,0.306,0.751,475,0.677
PROT_0080,30124.3,1.266,-9.45,0.508,0.789,0.898,381,-0.742
PROT_0081,47803.3,-0.243,-2.26,0.298,0.446,0.704,219,0.429
PROT_0082,53571.1,-0.492,-12.12,0.565,0.798,0.907,494,-0.403
PROT_0083,64778.9,-0.149,-7.92,0.689,0.822,0.834,318,-0.235
PROT_0084,44817.3,-0.794,3.8,0.873,0.858,0.572,316,1.339
PROT_0085,41915.1,0.99,3.93,0.636,0.917,0.896,103,0.733
PROT_0086,44982.4,0.011,2.13,0.761,0.431,0.964,65,0.798
PROT_0087,59154.0,-1.071,-4.83,0.16,0.319,0.965,57,0.255
PROT_0088,53287.5,1.598,-0.24,0.462,0.582,0.53,153,0.15
PROT_0089,44702.4,-0.464,-0.02,0.009,0.371,0.747,108,0.752
PROT_0090,55132.7,0.174,-5.79,0.247,0.601,0.795,362,-0.064
PROT_0091,50970.8,1.626,7.52,0.726,0.706,0.595,89,0.766
PROT_0092,59686.4,0.497,4.39,0.992,0.688,0.582,286,0.883
PROT_0093,42979.5,-1.532,-1.1,0.099,0.375,0.834,492,0.826
PROT_0094,46723.4,1.759,0.13,0.401,0.167,0.653,435,0.222
PROT_0095,46078.9,0.511,1.04,0.8,0.431,0.614,143,0.586
PROT_0096,35364.9,-0.66,-10.21,0.204,0.143,0.673,271,-0.329
PROT_0097,52961.2,-1.443,-1.24,0.555,0.89,0.924,253,0.753
PROT_0098,52610.6,1.176,-3.41,0.733,0.346,0.562,187,-0.113
PROT_0099,50051.1,0.48,-5.01,0.616,0.154,0.73,349,-0.145
PROT_0100,47654.1,0.134,-1.41,0.188,0.025,0.859,444,0.256
PROT_0101,35846.3,1.576,8.99,0.355,0.646,0.787,256,1.009
PROT_0102,45793.5,1.154,3.2,0.784,0.637,0.981,385,0.59
PROT_0103,46572.9,-1.393,-2.86,0.554,0.341,0.936,130,0.913
PROT_0104,41977.2,-0.753,2.86,0.005,0.072,0.617,267,1.121
PROT_0105,48387.1,-1.006,7.0,0.761,0.41,1.0,51,1.593
PROT_0106,54040.5,0.976,4.62,0.035,0.311,0.792,227,0.585
PROT_0107,68861.9,-1.866,0.3,0.746,0.677,0.739,445,1.377
PROT_0108,51745.8,0.28,-3.23,0.202,0.606,0.973,420,0.299
PROT_0109,52575.5,1.05,3.49,0.958,0.365,0.513,395,0.506
PROT_0110,49255.5,1.507,1.97,0.368,0.218,0.887,328,0.328
PROT_0111,30812.3,-0.632,4.48,0.327,0.988,0.848,195,1.178
PROT_0112,49734.9,1.285,3.18,0.149,0.454,0.848,367,0.527
PROT_0113,50602.3,-1.557,5.25,0.306,0.688,0.885,273,1.748
PROT_0114,74632.4,1.386,-2.68,0.877,0.141,0.999,418,-0.057
PROT_0115,48076.4,-1.49,6.59,0.996,0.486,0.635,433,1.599
PROT_0116,53015.5,-0.411,0.99,0.368,0.028,0.517,111,0.854
PROT_0117,49652.9,1.189,10.38,0.449,0.505,0.888,343,1.41
PROT_0118,38313.2,-1.4,-3.45,0.722,0.964,0.668,288,0.689
PROT_0119,61428.2,-1.083,8.68,0.886,0.384,0.629,244,1.8
PROT_0120,57519.3,0.889,0.99,0.593,0.039,0.576,215,0.407
PROT_0121,57910.3,0.88,-3.26,0.392,0.031,0.789,271,0.073
PROT_0122,40906.1,0.565,-2.42,0.413,0.388,0.849,110,0.126
PROT_0123,64027.9,0.776,-1.6,0.696,0.16,0.837,178,0.279
PROT_0124,35981.5,0.171,2.12,0.003,0.023,0.644,222,0.664
PROT_0125,55868.6,-0.993,2.61,0.62,0.756,0.592,205,1.175
PROT_0126,71904.6,-0.617,-2.87,0.355,0.459,0.909,454,0.539
PROT_0127,40094.6,-1.274,-0.12,0.794,0.289,0.815,427,0.981
PROT_0128,44337.0,1.634,10.71,0.093,0.9,0.549,159,1.056
PROT_0129,50996.5,0.334,8.64,0.588,0.116,0.597,318,1.461
PROT_0130,44965.2,-0.397,2.18,0.481,0.956,0.508,460,0.835
PROT_0131,34493.4,-0.152,0.19,0.642,0.314,0.623,405,0.605
PROT_0132,50685.6,1.789,0.6,0.065,0.888,0.803,440,-0.09
PROT_0133,39377.0,-1.387,3.07,0.58,0.603,0.705,327,1.424
PROT_0134,54735.9,0.345,-5.11,0.561,0.827,0.669,123,-0.013
PROT_0135,40805.8,0.024,-1.29,0.561,0.984,0.961,486,0.345
PROT_0136,65499.3,0.446,-8.34,0.603,0.288,0.728,256,-0.262
PROT_0137,42167.5,-1.928,2.0,0.676,0.961,0.645,437,1.358
PROT_0138,46779.4,1.488,3.24,0.805,0.389,0.916,328,0.451
PROT_0139,58135.2,1.728,-2.42,0.27,0.386,0.61,424,-0.226
PROT_0140,37691.4,0.261,7.87,0.825,0.34,0.708,375,1.522
PROT_0141,52274.6,0.787,-6.13,0.498,0.541,0.524,389,-0.289
PROT_0142,63071.4,1.69,-7.32,0.077,0.154,0.979,406,-0.666
PROT_0143,33925.2,0.829,1.12,0.059,0.554,0.867,389,0.448
PROT_0144,51846.3,-1.39,5.24,0.334,0.542,0.699,253,1.552
PROT_0145,52598.8,0.305,8.42,0.785,0.762,0.852,210,1.535
PROT_0146,57818.2,0.427,-2.29,0.708,0.834,0.643,77,0.214
PROT_0147,37630.5,-0.303,5.39,0.789,0.44,0.62,441,1.183
PROT_0148,36795.4,0.946,-0.19,0.517,0.302,0.949,306,0.194
PROT_0149,55219.4,1.737,-0.86,0.44,0.259,0.743,214,-0.034
PROT_0150,52969.8,1.702,4.42,0.147,0.195,0.746,112,0.366
PROT_0151,52504.9,-0.197,3.26,0.328,0.058,0.815,71,0.965
PROT_0152,53464.5,-1.547,-7.88,0.434,0.342,0.534,119,0.271
PROT_0153,43199.8,1.939,7.38,0.089,0.27,0.586,430,0.776
PROT_0154,52322.5,1.356,6.9,0.221,0.966,0.651,454,0.857
PROT_0155,52930.7,-1.501,-3.13,0.598,0.558,0.643,145,0.715
PROT_0156,42856.5,1.683,1.98,0.736,0.347,0.769,212,0.381
PROT_0157,68657.7,1.48,2.47,0.998,0.58,0.54,128,0.4
PROT_0158,54738.3,0.075,1.3,0.933,0.139,0.653,54,0.79
PROT_0159,38087.0,0.365,-2.75,0.643,0.444,0.636,365,0.276
PROT_0160,56565.5,-0.404,-3.36,0.421,0.626,0.569,169,0.382
PROT_0161,40253.2,-1.781,-0.13,0.636,0.489,0.863,351,1.19
PROT_0162,57870.8,-0.659,5.86,0.786,0.402,0.596,227,1.376
PROT_0163,61586.0,1.211,2.72,0.118,0.994,0.902,225,0.548
PROT_0164,41793.2,-1.981,-1.85,0.41,0.88,0.827,439,1.174
PROT_0165,59633.8,-0.666,3.86,0.84,0.623,0.832,266,1.094
PROT_0166,54127.8,-0.407,-14.24,0.384,0.569,0.511,105,-0.847
PROT_0167,58220.6,0.15,5.74,0.572,0.621,0.572,415,1.148
PROT_0168,68967.9,1.679,-8.7,0.588,0.201,0.649,236,-0.782
PROT_0169,47546.1,-0.615,-1.81,0.184,0.395,0.636,281,0.73
PROT_0170,42462.6,-0.612,-5.6,0.362,0.039,0.719,304,0.218
PROT_0171,41104.9,0.95,-6.47,0.335,0.476,0.526,462,-0.226
PROT_0172,41841.9,-0.191,5.8,0.026,0.543,0.752,153,0.938
PROT_0173,49229.0,-1.102,-2.34,0.024,0.228,0.81,126,0.683
PROT_0174,53411.5,-0.19,1.73,0.832,0.964,0.918,279,0.825
PROT_0175,52766.9,-1.437,-0.23,0.273,0.909,0.607,451,0.89
PROT_0176,58271.8,-1.294,2.39,0.518,0.722,0.633,307,1.206
PROT_0177,50130.0,-0.007,0.38,0.299,0.533,0.808,313,0.457
PROT_0178,64535.3,-0.324,-6.41,0.941,0.87,0.987,380,0.189
PROT_0179,47353.4,1.659,4.98,0.259,0.131,0.581,231,0.571
PROT_0180,77201.7,-0.55,-2.47,0.43,0.791,0.994,430,0.531
PROT_0181,56256.7,0.322,-7.78,0.873,0.125,0.648,305,-0.111
PROT_0182,41428.4,0.529,-2.14,0.842,0.794,0.515,87,0.447
PROT_0183,39291.1,-1.948,7.5,0.186,0.276,0.781,225,1.835
PROT_0184,54824.7,0.654,4.25,0.803,0.877,0.883,76,0.937
PROT_0185,47765.4,-1.288,-1.74,0.458,0.944,0.648,325,0.833
PROT_0186,57140.0,1.844,-1.75,0.483,0.149,0.591,189,-0.094
PROT_0187,54732.4,-1.405,-1.61,0.133,0.463,0.727,348,0.826
PROT_0188,49271.7,-0.342,10.38,0.081,0.981,0.516,494,1.816
PROT_0189,41532.1,-1.659,1.91,0.728,0.483,0.974,336,1.288
PROT_0190,34851.5,1.987,2.15,0.496,0.864,0.748,140,0.066
PROT_0191,45534.9,0.009,5.15,0.437,0.589,0.641,110,1.03
PROT_0192,58564.0,0.382,1.19,0.73,0.375,0.569,414,0.726
PROT_0193,52140.9,-1.732,-1.3,0.766,0.286,0.91,396,1.045
PROT_0194,37542.6,1.0,-0.98,0.159,0.203,0.6,212,0.087
PROT_0195,51731.8,-1.16,-0.36,0.61,0.762,0.724,400,0.826
PROT_0196,53853.2,1.592,-0.19,0.135,0.387,0.802,192,0.053
PROT_0197,41161.4,-1.179,3.64,0.751,0.511,0.934,449,1.432
PROT_0198,51537.3,-1.237,0.26,0.657,0.492,0.567,302,1.059
PROT_0199,50582.1,-1.854,3.66,0.957,0.577,0.921,318,1.588
PROT_0200,38570.3,-0.112,-0.4,0.069,0.866,0.845,418,0.522
PROT_0201,53577.9,0.259,0.39,0.057,0.981,0.855,340,0.487
PROT_0202,55607.8,-1.737,-9.99,0.282,0.408,0.564,236,0.097
PROT_0203,60830.5,1.102,4.58,0.262,0.828,0.664,454,0.561
PROT_0204,60538.0,-0.187,1.73,0.247,0.765,0.602,487,0.798
PROT_0205,36223.3,0.098,4.99,0.906,0.574,0.875,463,1.107
PROT_0206,40621.7,-0.237,-14.48,0.25,0.956,0.688,353,-0.723
PROT_0207,55150.4,-0.397,10.44,0.272,0.2,0.714,340,1.731
PROT_0208,55137.9,0.239,-0.7,0.759,0.109,0.584,135,0.594
PROT_0209,55150.5,-1.379,5.54,0.45,0.854,0.547,215,1.528
PROT_0210,88527.3,-1.272,-5.2,0.777,0.439,0.994,464,0.49
PROT_0211,55708.9,1.447,3.06,0.065,0.847,0.663,457,0.534
PROT_0212,61355.7,1.784,-5.27,0.488,0.893,0.974,163,-0.421
PROT_0213,59540.0,-0.507,-3.12,0.034,0.062,0.726,482,0.275
PROT_0214,56513.9,-0.917,9.57,0.063,0.883,0.856,405,1.834
PROT_0215,46847.3,0.576,-0.95,0.906,0.448,0.847,465,0.36
PROT_0216,57589.7,-0.365,1.09,0.139,0.51,0.824,232,0.769
PROT_0217,42271.7,-1.898,4.35,0.532,0.627,0.689,256,1.794
PROT_0218,47631.8,-1.375,2.48,0.411,0.926,0.833,305,1.1
PROT_0219,45146.4,0.864,0.75,0.347,0.019,0.634,284,0.368
PROT_0220,50818.7,0.636,1.82,0.9,0.477,0.798,491,0.712
PROT_0221,73146.6,-1.892,12.02,0.022,0.688,0.966,404,2.35
PROT_0222,31327.3,-1.112,-0.29,0.664,0.723,0.608,52,0.813
PROT_0223,56862.6,-1.076,1.01,0.963,0.693,0.857,257,0.963
PROT_0224,33872.8,0.688,5.25,0.56,0.134,0.784,246,1.04
PROT_0225,45280.7,-1.921,5.53,0.937,0.299,0.657,390,1.745
PROT_0226,60889.5,-1.584,5.94,0.052,0.359,0.834,174,1.503
PROT_0227,50642.8,1.2,3.19,0.419,0.804,0.972,187,0.698
PROT_0228,39222.6,-1.286,-5.72,0.26,0.279,0.813,388,0.373
PROT_0229,42847.0,0.611,8.17,0.731,0.211,0.528,74,1.288
PROT_0230,56796.0,-1.047,-5.73,0.981,0.957,0.679,117,0.419
PROT_0231,42696.3,-1.602,1.51,0.257,0.009,0.664,110,1.061
PROT_0232,52164.6,-1.027,-3.77,0.654,0.998,0.684,78,0.629
PROT_0233,50455.7,0.889,-0.32,0.198,0.677,0.901,432,0.282
PROT_0234,43484.0,1.423,1.64,0.565,0.828,0.791,68,0.367
PROT_0235,71439.4,1.321,1.61,0.464,0.295,0.625,220,0.346
PROT_0236,56339.2,-0.411,2.11,0.972,0.014,0.949,499,0.999
PROT_0237,29748.6,0.672,8.07,0.609,0.738,0.861,123,1.318
PROT_0238,51864.5,-1.18,2.27,0.35,0.834,0.862,110,1.137
PROT_0239,43382.1,-0.827,-1.22,0.114,0.74,0.784,476,0.642
PROT_0240,58524.3,1.585,4.82,0.151,0.143,0.51,202,0.59
PROT_0241,42074.8,-1.948,5.95,0.225,0.753,0.966,325,1.745
PROT_0242,48852.6,-1.658,-6.14,0.251,0.769,0.741,97,0.598
PROT_0243,55049.9,-1.168,2.99,0.851,0.659,0.91,260,1.143
PROT_0244,58657.6,-1.894,3.51,0.561,0.766,0.515,392,1.561
PROT_0245,37997.0,-1.274,-1.49,0.523,0.846,0.943,457,0.767
PROT_0246,46655.0,0.332,6.88,0.115,0.614,0.798,188,1.017
PROT_0247,45250.5,-0.314,-0.75,0.86,0.089,0.631,159,0.645
PROT_0248,43466.7,1.571,0.63,0.723,0.488,0.648,232,0.242
PROT_0249,67654.5,1.27,-0.87,0.068,0.078,0.789,77,0.056
PROT_0250,54049.8,-0.633,0.08,0.708,0.408,0.827,246,0.688
PROT_0251,37391.2,-0.962,-5.48,0.544,0.407,0.801,240,0.295
PROT_0252,59178.6,-0.481,-7.2,0.082,0.066,0.868,364,-0.031
PROT_0253,71221.6,0.361,7.97,0.458,0.349,0.897,438,1.193
PROT_0254,60324.7,-0.928,-4.23,0.485,0.111,0.758,100,0.341
PROT_0255,34806.3,0.497,-4.96,0.166,0.808,0.866,198,-0.338
PROT_0256,45157.7,-0.362,-10.77,0.946,0.948,0.856,317,-0.346
PROT_0257,62669.1,0.208,-3.19,0.85,0.072,0.672,99,0.174
PROT_0258,42923.3,-0.255,-6.62,0.669,0.955,0.516,437,-0.05
PROT_0259,54438.2,-0.822,8.21,0.462,0.523,0.698,295,1.633
PROT_0260,57746.3,1.794,5.05,0.412,0.3,0.962,162,0.489
PROT_0261,40730.7,1.054,-3.44,0.651,0.077,0.962,219,-0.147
PROT_0262,49404.7,-1.44,11.26,0.545,0.501,0.524,215,1.955
PROT_0263,17587.3,1.474,4.91,0.062,0.795,0.851,458,0.591
PROT_0264,39756.1,-0.05,-1.62,0.513,0.707,0.954,63,0.531
PROT_0265,47474.3,1.578,-12.5,0.806,0.05,0.7,252,-1.102
PROT_0266,37522.2,1.199,11.45,0.459,0.073,0.688,337,1.351
PROT_0267,66324.1,-0.299,-6.95,0.052,0.403,0.676,444,-0.095
PROT_0268,35698.6,-1.91,-8.23,0.786,0.295,0.866,238,0.565
PROT_0269,45599.6,-0.925,5.11,0.201,0.232,0.992,451,1.172
PROT_0270,51307.4,0.167,12.2,0.259,0.281,0.517,204,1.68
PROT_0271,64412.7,0.534,6.92,0.165,0.803,0.875,104,0.893
PROT_0272,35641.4,-0.968,2.82,0.33,0.929,0.662,231,1.175
PROT_0273,61631.6,-1.443,2.97,0.757,0.405,0.647,259,1.367
PROT_0274,50102.3,1.34,4.27,0.519,0.906,0.695,425,0.649
PROT_0275,40184.9,1.938,3.79,0.205,0.321,0.844,124,0.354
PROT_0276,54621.0,0.103,1.41,0.878,0.476,0.864,326,0.885
PROT_0277,51990.6,-1.313,0.52,0.88,0.226,0.701,477,1.176
PROT_0278,43997.8,-0.911,-0.31,0.871,0.64,0.567,182,1.0
PROT_0279,50698.0,-1.926,-3.77,0.239,0.979,0.527,392,0.642
PROT_0280,46146.9,1.657,-1.4,0.451,0.603,0.947,474,0.072
PROT_0281,51135.2,-1.529,-8.46,0.985,0.358,0.923,108,0.237
PROT_0282,56621.3,0.306,-0.49,0.772,0.648,0.528,394,0.447
PROT_0283,65860.2,-0.904,-4.94,0.027,0.123,0.632,231,0.31
PROT_0284,37621.8,0.217,-5.52,0.065,0.889,0.559,455,-0.074
PROT_0285,71330.3,0.606,0.9,0.464,0.503,0.899,388,0.394
PROT_0286,30479.1,1.319,6.96,0.909,0.449,0.706,370,0.965
PROT_0287,48482.1,-1.174,4.59,0.539,0.586,0.649,113,1.568
PROT_0288,55883.2,-1.956,-7.85,0.498,0.625,0.66,376,0.255
PROT_0289,52809.9,-1.452,-4.95,0.105,0.072,0.796,309,0.61
PROT_0290,43773.0,1.6,4.7,0.657,0.683,0.992,242,0.597
PROT_0291,47918.8,1.496,-4.91,0.822,0.242,0.709,192,-0.509
PROT_0292,45070.0,0.39,-1.12,0.38,0.714,0.873,153,0.21
PROT_0293,44106.4,0.402,2.75,0.776,0.823,0.775,455,0.713
PROT_0294,58496.0,0.66,-4.84,0.964,0.804,0.521,263,-0.052
PROT_0295,53570.2,-1.299,0.53,0.204,0.553,0.8,291,0.973
PROT_0296,43070.9,1.658,-6.67,0.523,0.52,0.58,480,-0.83
PROT_0297,58996.0,-0.325,-3.01,0.287,0.143,0.906,258,0.373
PROT_0298,53073.0,-0.467,1.6,0.793,0.775,0.664,142,0.853
PROT_0299,58128.6,0.076,-7.96,0.578,0.271,0.511,479,-0.064
PROT_0300,56296.3,-1.812,2.2,0.635,0.497,0.949,191,1.364
PROT_0301,41710.0,-1.335,-0.1,0.798,0.284,0.996,483,1.144
PROT_0302,44398.2,0.952,2.76,0.396,0.134,0.783,453,0.681
PROT_0303,57472.9,-1.669,1.12,0.915,0.63,0.954,483,1.404
PROT_0304,56103.7,0.413,6.82,0.533,0.054,0.626,161,1.108
PROT_0305,49791.0,-1.019,0.63,0.158,0.749,0.543,466,0.842
PROT_0306,51173.3,-0.443,-2.15,0.696,0.318,0.783,424,0.535
PROT_0307,62776.6,-0.845,0.61,0.793,0.0,0.871,108,1.037
PROT_0308,44084.3,-0.577,2.72,0.317,0.511,0.783,92,0.957
PROT_0309,55471.0,0.876,0.24,0.857,0.047,0.638,256,0.421
PROT_0310,47978.1,-0.812,0.2,0.906,0.276,0.995,317,0.972
PROT_0311,47823.2,0.266,-3.51,0.277,0.707,0.705,345,0.034
PROT_0312,60987.8,-0.096,-3.31,0.984,0.063,0.693,167,0.298
PROT_0313,58254.2,0.655,-7.01,0.141,0.839,0.681,69,-0.385
PROT_0314,58135.1,1.747,8.75,0.202,0.004,0.879,271,0.889
PROT_0315,63054.8,0.93,-6.22,0.184,0.247,0.643,215,-0.321
PROT_0316,50210.0,-1.14,-3.46,0.894,0.741,0.954,180,0.742
PROT_0317,56819.5,-1.875,-3.59,0.654,0.316,0.9,205,0.724
PROT_0318,46897.3,-0.951,4.47,0.152,0.102,0.561,233,1.181
PROT_0319,53241.7,0.38,-1.47,0.44,0.36,0.631,139,0.23
PROT_0320,48698.6,-1.794,6.24,0.615,0.27,0.993,143,1.926
PROT_0321,50970.0,-0.015,-3.37,0.083,0.843,0.876,62,0.172
PROT_0322,55951.6,0.387,1.39,0.882,0.313,0.893,371,0.701
PROT_0323,41817.8,-0.663,-4.18,0.804,0.789,0.865,342,0.447
PROT_0324,70923.9,1.084,10.73,0.505,0.892,0.876,482,1.277
PROT_0325,39939.8,-1.574,-5.94,0.967,0.434,0.969,279,0.728
PROT_0326,37858.1,-1.699,1.55,0.418,0.91,0.771,371,1.289
PROT_0327,61581.1,0.913,3.17,0.984,0.377,0.634,341,0.744
PROT_0328,57916.6,-0.018,2.07,0.668,0.964,0.697,487,0.735
PROT_0329,56241.2,0.754,-0.93,0.635,0.089,0.664,75,0.192
PROT_0330,56283.5,-0.261,-0.65,0.166,0.687,0.959,124,0.516
PROT_0331,49877.5,-1.014,0.22,0.882,0.494,0.524,413,0.933
PROT_0332,41027.5,1.276,-0.74,0.427,0.388,0.581,473,0.022
PROT_0333,50758.0,1.198,4.82,0.162,0.633,0.597,348,0.618
PROT_0334,43228.4,0.779,11.05,0.013,0.704,0.589,199,1.352
PROT_0335,59751.2,-0.911,-2.79,0.56,0.004,0.534,197,0.62
PROT_0336,48529.4,0.361,-6.85,0.527,0.167,0.728,57,-0.238
PROT_0337,41745.0,-0.556,-0.44,0.719,0.713,0.9,78,0.666
PROT_0338,46786.1,-1.634,12.9,0.89,0.666,0.692,345,2.361
PROT_0339,54129.3,1.669,-4.02,0.079,0.966,0.629,463,-0.266
PROT_0340,44362.8,-1.453,8.2,0.731,0.761,0.631,258,1.777
PROT_0341,41777.8,1.801,8.39,0.187,0.951,0.739,177,0.872
PROT_0342,52436.9,-0.216,-2.77,0.858,0.703,0.966,389,0.511
PROT_0343,52449.7,-1.259,2.84,0.819,0.298,0.814,165,1.313
PROT_0344,44930.6,0.168,8.14,0.541,0.105,0.54,488,1.549
PROT_0345,45289.6,1.492,-1.9,0.71,0.782,0.708,193,0.055
PROT_0346,52320.5,0.929,-1.02,0.314,0.644,0.731,479,0.366
PROT_0347,35519.2,1.226,-2.91,0.471,0.048,0.866,367,-0.13
PROT_0348,35925.4,0.635,-5.07,0.822,0.36,0.816,284,-0.096
PROT_0349,42815.6,0.769,-3.25,0.459,0.957,0.552,56,0.089
PROT_0350,47865.5,1.397,-6.12,0.358,0.5,0.667,94,-0.486
PROT_0351,53109.1,-1.001,0.17,0.494,0.433,0.606,492,1.085
PROT_0352,64753.6,-0.042,-3.85,0.828,0.458,0.773,288,0.327
PROT_0353,58576.6,-1.115,1.17,0.335,0.209,0.685,489,0.914
PROT_0354,48400.6,1.951,-7.78,0.174,0.369,0.876,481,-1.002
PROT_0355,49809.8,1.776,1.65,0.712,0.37,0.647,204,0.267
PROT_0356,39974.7,-1.842,4.17,0.826,0.052,0.786,230,1.626
PROT_0357,49814.9,0.822,-9.97,0.101,0.768,0.779,264,-0.692
PROT_0358,47113.4,1.701,1.87,0.24,0.417,0.675,137,0.346
PROT_0359,53227.2,-1.278,6.14,0.142,0.822,0.532,305,1.634
PROT_0360,41727.7,0.272,-6.05,0.348,0.85,0.968,122,-0.175
PROT_0361,55193.5,1.662,8.36,0.45,0.212,0.588,468,0.798
PROT_0362,65327.4,-1.864,2.1,0.749,0.657,0.854,228,1.296
PROT_0363,48912.4,0.79,-3.53,0.651,0.472,0.778,261,-0.033
PROT_0364,54017.1,-0.811,-0.28,0.621,0.88,0.989,342,0.803
PROT_0365,56901.4,1.698,2.79,0.352,0.216,0.849,283,0.371
PROT_0366,45987.8,1.884,0.38,0.841,0.678,0.749,288,0.061
PROT_0367,52240.9,1.777,2.69,0.471,0.608,0.972,272,0.358
PROT_0368,50125.9,-0.103,-4.6,0.979,0.295,0.754,168,0.303
PROT_0369,50976.8,1.448,0.85,0.634,0.137,0.536,362,0.292
PROT_0370,42269.9,1.378,-7.07,0.126,0.652,0.947,313,-0.708
PROT_0371,50245.1,-0.724,-0.56,0.676,0.739,0.618,256,0.843
PROT_0372,54980.0,1.316,-4.52,0.325,0.316,0.795,144,-0.074
PROT_0373,64511.4,-1.852,-3.68,0.686,0.645,0.672,422,0.849
PROT_0374,59592.7,0.385,6.18,0.07,0.395,0.87,271,0.721
PROT_0375,71531.8,-1.08,5.46,0.175,0.713,0.92,415,1.529
PROT_0376,42326.5,-1.518,3.05,0.856,0.199,0.92,325,1.361
PROT_0377,58723.2,-1.692,-5.46,0.227,0.89,0.965,429,0.734
PROT_0378,51833.4,0.785,-1.58,0.837,0.287,0.907,280,0.286
PROT_0379,71898.0,-0.641,6.07,0.279,0.368,0.668,358,1.187
PROT_0380,41917.0,0.899,0.71,0.643,0.058,0.559,168,0.223
PROT_0381,41602.8,-1.739,11.6,0.694,0.112,0.593,317,2.474
PROT_0382,44006.1,-0.739,1.97,0.513,0.516,0.657,482,1.132
PROT_0383,28761.0,0.158,0.96,0.305,0.268,0.945,322,0.832
PROT_0384,44742.4,1.163,-1.55,0.213,0.835,0.855,113,0.04
PROT_0385,42408.7,-0.725,0.67,0.033,0.015,0.845,347,0.785
PROT_0386,51503.9,0.504,-0.76,0.304,0.379,0.875,399,0.295
PROT_0387,53417.6,1.544,3.54,0.653,0.337,0.742,462,0.456
PROT_0388,68761.7,0.463,4.78,0.938,0.019,0.732,452,0.987
PROT_0389,59504.2,-1.068,-3.93,0.871,0.124,0.822,60,0.623
PROT_0390,44231.0,-1.902,-6.66,0.766,0.414,0.823,147,0.473
PROT_0391,41015.9,1.48,-9.18,0.788,0.493,0.586,483,-0.871
PROT_0392,54919.2,-1.915,2.54,0.665,0.404,0.605,120,1.477
PROT_0393,36797.7,1.499,-5.52,0.26,0.531,0.846,413,-0.536
PROT_0394,68314.6,0.116,-10.76,0.907,0.595,0.543,107,-0.753
PROT_0395,61794.4,1.756,1.94,0.671,0.01,0.524,339,0.357
PROT_0396,45308.2,1.195,12.46,0.56,0.464,0.837,300,1.389
PROT_0397,32868.7,1.992,-0.03,0.111,0.963,0.823,325,-0.012
PROT_0398,63538.7,-0.597,4.19,0.447,0.519,0.747,99,1.251
PROT_0399,48854.6,1.069,0.41,0.46,0.678,0.529,407,0.341
PROT_0400,62378.2,-0.392,-0.49,0.865,0.312,0.562,265,0.991
PROT_0401,34055.7,-0.08,4.6,0.547,0.774,0.949,443,1.08
PROT_0402,44006.2,0.51,-1.45,0.38,0.773,0.804,465,0.249
PROT_0403,50052.4,1.495,1.34,0.977,0.521,0.723,101,0.449
PROT_0404,50469.8,1.936,1.61,0.111,0.976,0.748,320,0.097
PROT_0405,45499.3,1.073,-3.34,0.423,0.126,0.903,133,0.045
PROT_0406,56228.5,-0.329,4.96,0.042,0.017,0.571,436,0.976
PROT_0407,39323.8,-0.315,-0.87,0.74,0.77,0.662,342,0.53
PROT_0408,48576.2,0.95,-3.78,0.918,0.807,0.581,175,0.097
PROT_0409,51203.0,-1.045,2.68,0.28,0.12,0.571,345,1.021
PROT_0410,55144.4,-1.558,-4.49,0.858,0.266,0.626,121,0.751
PROT_0411,57116.1,-0.582,0.14,0.292,0.018,0.78,345,0.784
PROT_0412,38753.6,-0.851,-0.05,0.911,0.293,0.695,285,0.863
PROT_0413,34658.9,-0.815,5.43,0.754,0.773,0.92,105,1.475
PROT_0414,62776.8,-1.066,2.37,0.805,0.518,0.663,456,1.094
PROT_0415,53323.1,-1.832,-0.13,0.018,0.348,0.91,409,0.94
PROT_0416,42515.1,-1.929,4.09,0.963,0.372,0.653,444,1.657
PROT_0417,65511.5,1.951,6.95,0.727,0.001,0.885,159,0.763
PROT_0418,51156.7,-0.289,2.79,0.305,0.3,0.941,241,0.896
PROT_0419,61793.0,-0.463,0.05,0.829,0.646,0.917,441,0.853
PROT_0420,50675.2,0.719,-6.56,0.282,0.974,0.999,142,-0.276
PROT_0421,70607.5,-1.127,-5.33,0.873,0.847,0.641,399,0.633
PROT_0422,67553.4,1.8,-1.53,0.113,0.024,0.634,105,-0.18
PROT_0423,47510.4,1.145,-3.05,0.704,0.899,0.743,109,0.112
PROT_0424,59715.7,-1.642,-0.93,0.541,0.783,0.919,187,1.1
PROT_0425,56453.8,-0.33,0.28,0.097,0.78,0.958,88,0.876
PROT_0426,63686.3,1.516,2.65,0.242,0.458,0.99,77,0.346
PROT_0427,40350.8,1.779,-0.35,0.012,0.398,0.917,98,-0.108
PROT_0428,56860.5,-0.13,2.43,0.469,0.303,0.555,469,1.002
PROT_0429,60584.2,0.454,0.32,0.301,0.066,0.879,174,0.495
PROT_0430,32412.6,-1.332,-9.88,0.598,0.228,0.823,62,0.159
PROT_0431,38167.4,1.965,-4.7,0.297,0.247,0.947,85,-0.428
PROT_0432,29607.7,-1.073,-0.72,0.3,0.484,0.889,150,0.599
PROT_0433,47305.9,1.771,-6.05,0.743,0.747,0.74,331,-0.45
PROT_0434,57175.4,0.599,3.0,0.048,0.474,0.696,135,0.661
PROT_0435,65023.6,0.431,7.65,0.903,0.058,0.877,53,1.33
PROT_0436,50740.9,0.051,6.09,0.852,0.958,0.971,272,1.251
PROT_0437,66286.2,-1.077,-1.07,0.668,0.943,0.804,387,0.69
PROT_0438,36199.0,-1.294,7.45,0.593,0.785,0.883,497,1.839
PROT_0439,32966.2,-1.118,0.74,0.892,0.991,0.89,215,1.125
PROT_0440,49444.5,-1.254,-1.69,0.185,0.544,0.52,432,0.854
PROT_0441,53840.7,1.118,-3.07,0.079,0.963,0.692,393,-0.28
PROT_0442,49673.1,-0.599,-1.51,0.24,0.076,0.722,432,0.627
PROT_0443,29325.6,-1.769,-1.94,0.795,0.366,0.792,425,0.972
PROT_0444,49108.8,1.876,0.85,0.035,0.225,0.786,327,0.044
PROT_0445,36955.3,1.535,0.8,0.583,0.196,0.73,179,0.214
PROT_0446,56696.7,1.711,0.02,0.995,0.141,0.652,80,0.242
PROT_0447,53666.0,1.98,2.18,0.856,0.622,0.649,424,0.279
PROT_0448,40601.2,-1.304,5.95,0.521,0.781,0.914,60,1.485
PROT_0449,44861.3,-0.415,4.75,0.064,0.578,0.75,351,1.121
PROT_0450,39407.9,1.033,-7.42,0.831,0.147,0.794,145,-0.407
PROT_0451,49373.2,0.784,-12.77,0.599,0.811,0.565,239,-0.901
PROT_0452,59551.4,-1.384,4.67,0.115,0.636,0.684,241,1.086
PROT_0453,40142.7,1.263,-6.83,0.094,0.388,0.734,315,-0.475
PROT_0454,55040.5,-1.102,-1.12,0.91,0.674,0.942,473,0.869
PROT_0455,44697.4,-1.105,-5.85,0.669,0.26,0.697,177,0.245
PROT_0456,42071.3,0.148,-9.01,0.829,0.345,0.941,287,-0.187
PROT_0457,48929.7,0.372,2.71,0.879,0.917,0.831,457,0.899
PROT_0458,39647.6,0.32,3.8,0.572,0.291,0.929,404,0.866
PROT_0459,44463.5,-1.634,-2.88,0.517,0.47,0.654,477,0.69
PROT_0460,38021.2,1.51,-12.96,0.43,0.89,0.897,161,-1.145
PROT_0461,69647.3,-0.938,-2.73,0.317,0.708,0.804,365,0.584
PROT_0462,50352.6,-1.482,1.96,0.435,0.062,0.552,495,1.32
PROT_0463,43002.7,1.555,-7.39,0.774,0.147,0.898,392,-0.595
PROT_0464,52139.8,1.823,0.92,0.602,0.008,0.746,194,0.285
PROT_0465,48876.7,1.449,-0.08,0.893,0.631,0.79,114,0.182
PROT_0466,47790.3,1.238,2.9,0.443,0.448,0.991,296,0.373
PROT_0467,56141.7,0.621,0.6,0.607,0.134,0.604,272,0.382
PROT_0468,57575.1,0.203,-4.87,0.631,0.958,0.965,362,0.072
PROT_0469,44695.0,-1.652,5.98,0.592,0.53,0.763,488,1.705
PROT_0470,44241.8,-0.366,-0.79,0.703,0.242,0.72,155,0.704
PROT_0471,47249.5,-0.509,-0.14,0.237,0.501,0.686,230,0.677
PROT_0472,26980.8,-0.961,-4.67,0.512,0.68,0.656,233,0.521
PROT_0473,34848.1,0.894,-2.22,0.104,0.076,0.873,275,0.004
PROT_0474,63668.7,-0.016,-4.42,0.385,0.275,0.995,314,-0.06
PROT_0475,66449.7,-1.676,-0.86,0.488,0.807,0.638,327,1.002
PROT_0476,47509.6,-1.119,8.56,0.652,0.46,0.732,446,1.621
PROT_0477,55765.6,0.733,-6.86,0.951,0.547,0.582,138,-0.189
PROT_0478,53112.5,-1.695,-8.07,0.601,0.433,0.589,225,0.427
PROT_0479,80788.8,1.405,7.36,0.744,0.044,0.578,67,0.865
PROT_0480,61195.7,-0.019,-1.05,0.506,0.166,0.757,420,0.644
PROT_0481,48720.8,-0.078,-3.35,0.634,0.446,0.833,473,0.399
PROT_0482,40444.6,0.37,5.2,0.071,0.209,0.604,450,1.044
PROT_0483,33935.5,1.299,-3.03,0.254,0.05,0.774,448,-0.123
PROT_0484,52034.6,-0.609,9.13,0.362,0.844,0.908,155,1.569
PROT_0485,42436.5,0.712,3.39,0.472,0.981,0.573,320,0.798
PROT_0486,35777.5,0.263,-2.44,0.046,0.793,0.559,368,0.124
PROT_0487,43534.3,-0.932,10.79,0.14,0.854,0.767,216,1.898
PROT_0488,39184.5,1.515,-3.03,0.277,0.242,0.962,62,-0.219
PROT_0489,66871.4,1.19,3.71,0.972,0.961,0.806,386,0.821
PROT_0490,58816.4,0.634,1.5,0.331,0.197,0.598,81,0.599
PROT_0491,49920.3,1.402,6.51,0.482,0.951,0.549,442,0.819
PROT_0492,64799.4,1.469,7.81,0.196,0.995,0.898,89,0.684
PROT_0493,50773.7,0.833,0.16,0.611,0.712,0.967,197,0.325
PROT_0494,41387.2,1.348,-3.77,0.281,0.981,0.561,267,-0.155
PROT_0495,65231.2,0.79,2.3,0.207,0.57,0.805,268,0.562
PROT_0496,55389.1,0.721,-3.39,0.517,0.26,0.729,131,-0.102
PROT_0497,39627.5,0.474,10.07,0.006,0.437,0.516,382,1.185
PROT_0498,48096.6,1.011,0.68,0.008,0.594,0.967,257,0.286
PROT_0499,41243.8,-1.366,-1.83,0.219,0.073,0.676,250,0.665
PROT_0500,36172.0,1.523,0.92,0.037,0.622,0.963,496,0.046
